name,address,resolvedAddress,datetime,temp,feelslike,dew,humidity,precip,precipprob,preciptype,snow,snowdepth,windgust,windspeed,winddir,sealevelpressure,cloudcover,visibility,uvindex,severerisk
nyc,nyc,"New York, NY, United States",2021-01-01T00:00:00,2.2,-0.1,-4.9,59.52,0,0,,0,0,,8,348,1029.5,10.5,16,0,
nyc,nyc,"New York, NY, United States",2021-01-01T01:00:00,1.8,1.8,-5,60.26,0,0,,0,0,,4.7,356,1030.1,10.5,16,0,
nyc,nyc,"New York, NY, United States",2021-01-01T02:00:00,1.8,-0.7,-4.8,61.78,0,0,,0,0,,8.4,17,1030.9,10.5,16,0,
nyc,nyc,"New York, NY, United States",2021-01-01T03:00:00,1.7,-0.7,-4.7,62.65,0,0,,0,0,,8,21,1031.4,10.5,16,0,
nyc,nyc,"New York, NY, United States",2021-01-01T04:00:00,1.4,-1.6,-5.2,61.88,0,0,,0,0,,9.8,30,1031.6,10.5,16,0,
nyc,nyc,"New York, NY, United States",2021-01-01T05:00:00,0.9,-1.7,-5,65.07,0,0,,0,0,,7.8,19,1031.9,10.5,16,0,
nyc,nyc,"New York, NY, United States",2021-01-01T06:00:00,1,-1.4,-5.4,62.23,0,0,,0,0,,7.6,38,1032.1,10.5,16,0,
nyc,nyc,"New York, NY, United States",2021-01-01T07:00:00,0.8,-2.1,-5.4,62.9,0,0,,0,0,,9.1,23,1032.8,20.3,16,0,
nyc,nyc,"New York, NY, United States",2021-01-01T08:00:00,0.8,-1.9,-5.5,62.41,0,0,,0,0,,8.7,33,1033.4,34.2,16,0,
nyc,nyc,"New York, NY, United States",2021-01-01T09:00:00,1.5,-2.2,-5.7,58.6,0,0,,0,0,,13.7,35,1033.6,34.2,16,1,
nyc,nyc,"New York, NY, United States",2021-01-01T10:00:00,2.4,-1.6,-5.4,56.42,0,0,,0,0,,15.5,46,1033.6,34.2,16,3,
nyc,nyc,"New York, NY, United States",2021-01-01T11:00:00,3,1.2,-4.9,56.26,0,0,,0,0,,6.6,36,1033.3,34.5,16,2,
nyc,nyc,"New York, NY, United States",2021-01-01T12:00:00,3.3,0.6,-4.2,57.88,0,0,,0,0,,9.9,55,1031.2,37.7,16,2,
nyc,nyc,"New York, NY, United States",2021-01-01T13:00:00,3.9,2.2,-4.1,56.09,0,0,,0,0,,6.8,43,1030.6,37.7,16,2,
nyc,nyc,"New York, NY, United States",2021-01-01T14:00:00,4,1.2,-3.2,59.67,0,0,,0,0,,11,56,1029.5,38.4,16,1,
nyc,nyc,"New York, NY, United States",2021-01-01T15:00:00,4,1.8,-2.7,61.88,0,0,,0,0,,8.4,50,1029.2,69.2,16,1,
nyc,nyc,"New York, NY, United States",2021-01-01T16:00:00,3.7,1.8,-2,66.59,0,0,,0,0,,7.1,89,1028.2,100,16,0,
nyc,nyc,"New York, NY, United States",2021-01-01T17:00:00,3.2,0.6,-0.8,75.31,0.32,100,rain,0,0,,9.5,41,1027.3,100,15.5,0,
nyc,nyc,"New York, NY, United States",2021-01-01T18:00:00,3.1,-0.1,-0.2,79.36,0.58,100,rain,0,0,,12.1,53,1026.4,100,12.4,0,
nyc,nyc,"New York, NY, United States",2021-01-01T19:00:00,3,-0.6,0.4,82.95,0.39,100,rain,0,0,,14.1,57,1025.2,100,13.2,0,
nyc,nyc,"New York, NY, United States",2021-01-01T20:00:00,3,-0.2,1.2,87.73,2.45,100,rain,0,0,,12.4,59,1023.1,100,7.1,0,
nyc,nyc,"New York, NY, United States",2021-01-01T21:00:00,3,-0.1,1.3,88.44,2.69,100,rain,0,0,,11.8,100,1021.4,100,6.3,0,
nyc,nyc,"New York, NY, United States",2021-01-01T22:00:00,3.1,-0.4,1.8,90.81,5.4,100,rain,0,0,,14,38,1019.8,100,4.2,0,
nyc,nyc,"New York, NY, United States",2021-01-01T23:00:00,3.1,0.2,1.8,91.33,3.5,100,rain,0,0,,11,32,1018.1,100,4.9,0,
nyc,nyc,"New York, NY, United States",2021-01-02T00:00:00,3.6,0.1,2.2,90.36,0.84,100,rain,0,0,,14.8,38,1016.3,100,11,0,
nyc,nyc,"New York, NY, United States",2021-01-02T01:00:00,3.7,0,2.5,91.93,0.65,100,rain,0,0,,15.6,47,1014.5,100,4.5,0,
nyc,nyc,"New York, NY, United States",2021-01-02T02:00:00,2.5,-1.7,1.7,94.44,0.25,100,rain,0,0,,16.8,49,1012.1,100,4.6,0,
nyc,nyc,"New York, NY, United States",2021-01-02T03:00:00,3.1,-0.5,1.8,91.41,0.34,100,rain,0,0,,14.2,16,1010.6,100,5.7,0,
nyc,nyc,"New York, NY, United States",2021-01-02T04:00:00,3.4,1.1,2.7,95.54,0.25,100,rain,0,0,,8.5,46,1008.9,100,5.2,0,
nyc,nyc,"New York, NY, United States",2021-01-02T05:00:00,3.9,3.9,3,93.29,0,0,,0,0,,2.9,356,1007.7,100,5.2,0,
nyc,nyc,"New York, NY, United States",2021-01-02T06:00:00,3.3,0.4,2,91.27,0.05,100,rain,0,0,,11.4,293,1007.1,100,5.2,0,
nyc,nyc,"New York, NY, United States",2021-01-02T07:00:00,3.2,3.2,2.3,93.98,0,0,,0,0,,3.5,324,1007.7,100,6.7,0,
nyc,nyc,"New York, NY, United States",2021-01-02T08:00:00,4,1.8,2.9,92.04,0,0,,0,0,,8.8,284,1008.3,100,6.7,0,
nyc,nyc,"New York, NY, United States",2021-01-02T09:00:00,4.9,2.3,3.3,89.76,0,0,,0,0,,10.9,252,1008.5,89.5,12.9,1,
nyc,nyc,"New York, NY, United States",2021-01-02T10:00:00,7.8,5.4,3.9,76.68,0,0,,0,0,28.8,13.4,266,1008.5,19.2,16,3,
nyc,nyc,"New York, NY, United States",2021-01-02T11:00:00,10.3,10.3,4.2,66.27,0,0,,0,0,41.1,22.4,275,1008.9,73.9,16,5,
nyc,nyc,"New York, NY, United States",2021-01-02T12:00:00,10.8,10.8,3.1,59.09,0,0,,0,0,43.8,22.2,292,1008.7,65,16,3,
nyc,nyc,"New York, NY, United States",2021-01-02T13:00:00,10.8,10.8,2.8,57.52,0,0,,0,0,47,25.2,291,1008.9,44.6,16,4,
nyc,nyc,"New York, NY, United States",2021-01-02T14:00:00,10.5,10.5,1.9,55.13,0,0,,0,0,40.2,18.5,292,1010.3,65,16,3,
nyc,nyc,"New York, NY, United States",2021-01-02T15:00:00,9.7,6.5,0.7,53.59,0,0,,0,0,47.5,25.5,295,1012,35.9,16,3,
nyc,nyc,"New York, NY, United States",2021-01-02T16:00:00,8.5,5.3,-0.7,52.68,0,0,,0,0,54.6,21.8,286,1013.8,25.4,16,1,
nyc,nyc,"New York, NY, United States",2021-01-02T17:00:00,7,3.7,-1.6,54.28,0,0,,0,0,46.9,19.6,309,1015.2,34.2,16,0,
nyc,nyc,"New York, NY, United States",2021-01-02T18:00:00,6.1,2.5,-1.6,57.66,0,0,,0,0,42.6,20,304,1016.4,34.2,16,0,
nyc,nyc,"New York, NY, United States",2021-01-02T19:00:00,5.8,3.2,-2,57.53,0,0,,0,0,26.3,11.9,316,1017.4,19.2,16,0,
nyc,nyc,"New York, NY, United States",2021-01-02T20:00:00,4.8,1.4,-1.6,63.21,0,0,,0,0,,15.2,308,1018.3,25.4,16,0,
nyc,nyc,"New York, NY, United States",2021-01-02T21:00:00,4.3,1.3,-1.6,65.46,0,0,,0,0,,12.4,302,1018.4,34.2,16,0,
nyc,nyc,"New York, NY, United States",2021-01-02T22:00:00,3.8,2.8,-2,66.08,0,0,,0,0,,4.9,339,1019.3,34.2,16,0,
nyc,nyc,"New York, NY, United States",2021-01-02T23:00:00,3.5,0.9,-2,66.92,0,0,,0,0,,9.9,345,1019.5,34.2,16,0,
nyc,nyc,"New York, NY, United States",2021-01-03T00:00:00,3.1,0,-2,69.49,0,0,,0,0,,12,335,1019.8,34.2,16,0,
nyc,nyc,"New York, NY, United States",2021-01-03T01:00:00,2.8,0.1,-2.1,69.89,0,0,,0,0,,9.9,348,1019.9,34.2,16,0,
nyc,nyc,"New York, NY, United States",2021-01-03T02:00:00,2.3,-1.3,-2.6,70.03,0,0,,0,0,,13.7,20,1020.1,34.2,16,0,
nyc,nyc,"New York, NY, United States",2021-01-03T03:00:00,2.2,-1.4,-2.7,70.18,0,0,,0,0,,13.4,19,1019.7,35.9,16,0,
nyc,nyc,"New York, NY, United States",2021-01-03T04:00:00,1.5,-2.2,-3.1,71.23,0,0,,0,0,,13.4,33,1019.6,34.2,16,0,
nyc,nyc,"New York, NY, United States",2021-01-03T05:00:00,1.7,-2.5,-2.7,72.89,0,0,,0,0,,16.1,55,1018.7,35.9,16,0,
nyc,nyc,"New York, NY, United States",2021-01-03T06:00:00,1.8,-2.4,-2,75.71,0,0,,0,0,,16.1,40,1018.3,55.1,16,0,
nyc,nyc,"New York, NY, United States",2021-01-03T07:00:00,1.9,-1.4,-1.7,77,0,0,,0,0,,11.4,33,1019.8,100,16,0,
nyc,nyc,"New York, NY, United States",2021-01-03T08:00:00,2.3,-1.8,-1.6,75.3,0,0,,0,0,,16.1,37,1020,100,16,0,
nyc,nyc,"New York, NY, United States",2021-01-03T09:00:00,2.3,-1.6,-1.6,75.3,0,0,,0,0,,14.9,35,1020.5,100,16,0,
nyc,nyc,"New York, NY, United States",2021-01-03T10:00:00,2.4,-1.6,-1.1,77.54,0.27,100,rain,0,0,,16.2,42,1020,100,10.7,0,
nyc,nyc,"New York, NY, United States",2021-01-03T11:00:00,2,-2.2,-0.5,83.55,1.32,100,"rain,snow",0,0,,16.8,33,1018.4,93.1,12.4,0,
nyc,nyc,"New York, NY, United States",2021-01-03T12:00:00,2.3,-2.7,0,84.75,0,0,,0,0,35.3,22.7,60,1016.1,100,15.7,1,
nyc,nyc,"New York, NY, United States",2021-01-03T13:00:00,2.9,-1,0.1,82.12,0,0,,0,0,31.7,16.1,50,1014.8,100,15.7,0,
nyc,nyc,"New York, NY, United States",2021-01-03T14:00:00,3.3,-0.9,0.6,82.89,0,0,,0,0,27.7,18.4,46,1014.5,100,15,0,
nyc,nyc,"New York, NY, United States",2021-01-03T15:00:00,3.1,-1.4,0.8,85.12,0,0,,0,0,37.1,20.6,53,1014.3,100,10.7,0,
nyc,nyc,"New York, NY, United States",2021-01-03T16:00:00,3.1,-1.8,1.2,87.53,0.23,100,rain,0,0,35.3,24.1,55,1014,100,5.7,0,
nyc,nyc,"New York, NY, United States",2021-01-03T17:00:00,3,-2,1.3,88.94,0.8,100,rain,0,0,38,24,47,1013.8,100,9.7,0,
nyc,nyc,"New York, NY, United States",2021-01-03T18:00:00,3.1,-1.6,1.3,88.24,0.48,100,rain,0,0,42.2,21.8,53,1013.8,100,5.5,0,
nyc,nyc,"New York, NY, United States",2021-01-03T19:00:00,2.6,-1.7,1.2,90.89,0.79,100,rain,0,0,25.9,18,35,1014.5,100,6.1,0,
nyc,nyc,"New York, NY, United States",2021-01-03T20:00:00,2.5,-2.2,1.1,91.04,0.92,100,rain,0,0,,20.3,27,1014.5,100,8,0,
nyc,nyc,"New York, NY, United States",2021-01-03T21:00:00,2.4,-1.6,0.8,89.55,0,0,,0,0,29.5,15.6,38,1014,100,14.4,0,
nyc,nyc,"New York, NY, United States",2021-01-03T22:00:00,2.5,-2.3,1,90.31,0,0,,0,0,,21.4,46,1013.9,100,13.8,0,
nyc,nyc,"New York, NY, United States",2021-01-03T23:00:00,3,-1.6,1.2,88.38,0.28,100,rain,0,0,33.5,20.8,54,1013.8,100,12.5,0,
nyc,nyc,"New York, NY, United States",2021-01-04T00:00:00,2.6,-1.6,1.2,90.89,0.31,100,rain,0,0,,17.3,35,1013.7,100,12.9,0,
nyc,nyc,"New York, NY, United States",2021-01-04T01:00:00,2.4,-1.1,0.7,88.83,0.26,100,rain,0,0,,13.1,22,1013.7,100,13.8,0,
nyc,nyc,"New York, NY, United States",2021-01-04T02:00:00,2.3,-1.3,0.5,87.93,0.09,100,rain,0,0,,13.5,8,1014,100,14.4,0,
nyc,nyc,"New York, NY, United States",2021-01-04T03:00:00,2,-0.4,0.1,87.28,0.18,100,"rain,snow",0,0,,8.1,358,1014.2,100,14.4,0,
nyc,nyc,"New York, NY, United States",2021-01-04T04:00:00,1.9,-1.5,0,87.07,0,0,,0,0,,11.7,2,1014.2,98.2,15.5,0,
nyc,nyc,"New York, NY, United States",2021-01-04T05:00:00,2,-0.7,0,86.52,0,0,,0,0,,9,14,1014.2,85.1,16,0,
nyc,nyc,"New York, NY, United States",2021-01-04T06:00:00,2,-1.5,-0.4,83.6,0,0,,0,0,,13.1,355,1014.6,97.5,16,0,
nyc,nyc,"New York, NY, United States",2021-01-04T07:00:00,2,2,-0.5,82.97,0,0,,0,0,,3.6,3,1015.5,100,16,0,
nyc,nyc,"New York, NY, United States",2021-01-04T08:00:00,2.4,-0.4,-0.4,81.79,0,0,,0,0,,9.5,354,1015.9,97.5,16,0,
nyc,nyc,"New York, NY, United States",2021-01-04T09:00:00,3,-0.3,-0.4,78.32,0,0,,0,0,,12.6,6,1016.5,95.7,16,1,
nyc,nyc,"New York, NY, United States",2021-01-04T10:00:00,3.7,1.4,-0.3,75.03,0,0,,0,0,,9,16,1016.1,82.6,16,3,
nyc,nyc,"New York, NY, United States",2021-01-04T11:00:00,4.4,1.9,-0.3,71.34,0,0,,0,0,,10.4,26,1015.5,14.1,16,4,
nyc,nyc,"New York, NY, United States",2021-01-04T12:00:00,6.1,4.3,0.7,68.68,0,0,,0,0,,8.4,25,1014.3,30.7,16,4,
nyc,nyc,"New York, NY, United States",2021-01-04T13:00:00,5.9,3.2,0.1,66.18,0,0,,0,0,,13.1,28,1014.1,88.9,16,2,
nyc,nyc,"New York, NY, United States",2021-01-04T14:00:00,5.8,3.6,0.1,66.58,0,0,,0,0,,10.2,356,1013.8,95.7,16,1,
nyc,nyc,"New York, NY, United States",2021-01-04T15:00:00,5.3,3.8,0,68.84,0,0,,0,0,,6.6,357,1014.4,100,16,0,
nyc,nyc,"New York, NY, United States",2021-01-04T16:00:00,5.2,2.4,-0.7,65.69,0,0,,0,0,,12.8,346,1014.4,97.3,16,1,
nyc,nyc,"New York, NY, United States",2021-01-04T17:00:00,4.2,1.9,-1.1,68.63,0,0,,0,0,,9.3,350,1014.5,88.9,16,0,
nyc,nyc,"New York, NY, United States",2021-01-04T18:00:00,4.3,2.2,-0.7,69.85,0,0,,0,0,,8.3,336,1014.5,88.9,16,0,
nyc,nyc,"New York, NY, United States",2021-01-04T19:00:00,4.2,1.9,-1,69.2,0,0,,0,0,,9.1,336,1014.6,95.7,16,0,
nyc,nyc,"New York, NY, United States",2021-01-04T20:00:00,4.2,4.2,-0.6,70.77,0,0,,0,0,,4.2,3,1014.6,95.7,16,0,
nyc,nyc,"New York, NY, United States",2021-01-04T21:00:00,3.7,0.7,-0.5,74.02,0,0,,0,0,,11.6,12,1014.4,95.7,16,0,
nyc,nyc,"New York, NY, United States",2021-01-04T22:00:00,3.5,1.1,-0.5,74.61,0,0,,0,0,,9.5,22,1014.2,95.7,16,0,
nyc,nyc,"New York, NY, United States",2021-01-04T23:00:00,3.5,1,-0.5,74.86,0,0,,0,0,,9.5,16,1013.8,98.2,16,0,
nyc,nyc,"New York, NY, United States",2021-01-05T00:00:00,3.2,3.2,-0.5,76.68,0,0,,0,0,,4.3,3,1013.4,100,16,0,
nyc,nyc,"New York, NY, United States",2021-01-05T01:00:00,3.2,0.4,-0.8,75.55,0,0,,0,0,,10.2,326,1013.2,100,16,0,
nyc,nyc,"New York, NY, United States",2021-01-05T02:00:00,3.1,1,-0.6,77.07,0,0,,0,0,,7.6,2,1013.1,100,16,0,
nyc,nyc,"New York, NY, United States",2021-01-05T03:00:00,3.1,1.3,-0.6,77.07,0,0,,0,0,,6.8,10,1013.3,100,16,0,
nyc,nyc,"New York, NY, United States",2021-01-05T04:00:00,3.1,0.8,-1.1,74.22,0,0,,0,0,,8.4,20,1013.3,100,16,0,
nyc,nyc,"New York, NY, United States",2021-01-05T05:00:00,3.1,1,-1.2,73.61,0,0,,0,0,,7.5,32,1013.2,100,16,0,
nyc,nyc,"New York, NY, United States",2021-01-05T06:00:00,3,0.2,-1.2,74.15,0,0,,0,0,,10.2,14,1013.4,100,16,0,
nyc,nyc,"New York, NY, United States",2021-01-05T07:00:00,3,0.1,-1.6,72.07,0,0,,0,0,,10.8,17,1013.4,95.7,16,0,
nyc,nyc,"New York, NY, United States",2021-01-05T08:00:00,3.1,1,-1.3,73.18,0,0,,0,0,,7.8,8,1013.6,95.7,16,0,
nyc,nyc,"New York, NY, United States",2021-01-05T09:00:00,3.5,1.7,-1.2,71.63,0,0,,0,0,,6.8,12,1013.9,97.5,16,1,
nyc,nyc,"New York, NY, United States",2021-01-05T10:00:00,4,1.4,-1.7,66.66,0,0,,0,0,,10.2,31,1013.6,97.5,16,1,
nyc,nyc,"New York, NY, United States",2021-01-05T11:00:00,4.1,1.4,-1.7,65.99,0,0,,0,0,,11.1,7,1013,97.5,16,1,
nyc,nyc,"New York, NY, United States",2021-01-05T12:00:00,5,2.2,-1.8,61.66,0,0,,0,0,,12.1,12,1012.2,97.5,16,2,
nyc,nyc,"New York, NY, United States",2021-01-05T13:00:00,4.6,2.5,-2.4,60.68,0,0,,0,0,,8.8,37,1011.4,97.5,16,1,
nyc,nyc,"New York, NY, United States",2021-01-05T14:00:00,4.7,2.2,-2.2,60.68,0,0,,0,0,,10.7,333,1011.4,100,16,1,
nyc,nyc,"New York, NY, United States",2021-01-05T15:00:00,4.7,2.4,-2.3,60.32,0,0,,0,0,,9.9,345,1012,100,16,0,
nyc,nyc,"New York, NY, United States",2021-01-05T16:00:00,4.6,2.6,-1.6,63.71,0,0,,0,0,,8.6,352,1012.2,100,16,0,
nyc,nyc,"New York, NY, United States",2021-01-05T17:00:00,4.5,1.6,-2,62.93,0,0,,0,0,,12.5,8,1012.5,100,16,0,
nyc,nyc,"New York, NY, United States",2021-01-05T18:00:00,4.5,1.7,-1.8,63.84,0,0,,0,0,,11.9,18,1013.3,100,16,0,
nyc,nyc,"New York, NY, United States",2021-01-05T19:00:00,4.1,1.7,-1.6,66.14,0,0,,0,0,31.7,9.7,348,1013.6,100,16,0,
nyc,nyc,"New York, NY, United States",2021-01-05T20:00:00,4.1,1.3,-1.6,66.53,0,0,,0,0,,11.3,342,1013.8,100,16,0,
nyc,nyc,"New York, NY, United States",2021-01-05T21:00:00,3.6,0.1,-2,66.96,0,0,,0,0,,14.2,10,1013.6,98.2,16,0,
nyc,nyc,"New York, NY, United States",2021-01-05T22:00:00,3.1,-0.6,-2,69.37,0,0,,0,0,,15.2,352,1013.5,98.2,16,0,
nyc,nyc,"New York, NY, United States",2021-01-05T23:00:00,3.2,0.5,-2,68.82,0,0,,0,0,,10,346,1013.3,95.7,16,0,
nyc,nyc,"New York, NY, United States",2021-01-06T00:00:00,2.7,2.7,-2.1,70.92,0,0,,0,0,,4.5,348,1013.3,42.1,16,0,
nyc,nyc,"New York, NY, United States",2021-01-06T01:00:00,3,0.1,-1.6,72.12,0,0,,0,0,,10.6,312,1013.6,97.5,16,0,
nyc,nyc,"New York, NY, United States",2021-01-06T02:00:00,2.8,0.5,-1.6,72.51,0,0,,0,0,,8.4,353,1013.8,92,16,0,
nyc,nyc,"New York, NY, United States",2021-01-06T03:00:00,2.6,0.1,-1.4,74.7,0,0,,0,0,,8.8,1,1013.9,92,16,0,
nyc,nyc,"New York, NY, United States",2021-01-06T04:00:00,2.4,0.1,-1.2,77.36,0,0,,0,0,,7.9,300,1013.7,98.2,16,0,
nyc,nyc,"New York, NY, United States",2021-01-06T05:00:00,2.4,-0.4,-1.5,75.63,0,0,,0,0,,10,300,1013.6,95.7,16,0,
nyc,nyc,"New York, NY, United States",2021-01-06T06:00:00,2.2,-1.1,-1.5,76.55,0,0,,0,0,,11.4,302,1013.6,19.2,16,0,
nyc,nyc,"New York, NY, United States",2021-01-06T07:00:00,2.2,-1.3,-1.8,74.9,0,0,,0,0,,12.7,308,1014,19.2,16,0,
nyc,nyc,"New York, NY, United States",2021-01-06T08:00:00,2,0.5,-1.8,75.51,0,0,,0,0,,5.7,355,1014.8,89.5,16,0,
nyc,nyc,"New York, NY, United States",2021-01-06T09:00:00,2.6,-1,-2.1,70.71,0,0,,0,0,33.5,14,301,1015,88.9,16,1,
nyc,nyc,"New York, NY, United States",2021-01-06T10:00:00,3.6,-0.5,-3,61.77,0,0,,0,0,29.4,18.8,325,1015.5,95.7,16,3,
nyc,nyc,"New York, NY, United States",2021-01-06T11:00:00,4,0.4,-3.7,57.14,0,0,,0,0,33.3,15.8,342,1015.3,44.6,16,4,
nyc,nyc,"New York, NY, United States",2021-01-06T12:00:00,4.7,0.6,-4.6,50.77,0,0,,0,0,27.7,21,313,1014.9,30.7,16,5,
nyc,nyc,"New York, NY, United States",2021-01-06T13:00:00,4.5,0.1,-5.3,49.1,0,0,,0,0,34.5,22.4,302,1014.3,14.1,16,4,
nyc,nyc,"New York, NY, United States",2021-01-06T14:00:00,4.9,0.7,-5.3,47.56,0,0,,0,0,37,22.9,314,1014.3,14.1,16,4,
nyc,nyc,"New York, NY, United States",2021-01-06T15:00:00,4.7,0.6,-4.8,50.19,0,0,,0,0,43.5,21.3,304,1015,30.7,16,2,
nyc,nyc,"New York, NY, United States",2021-01-06T16:00:00,4,-1.1,-4.6,53.23,0,0,,0,0,44.3,28.8,304,1015.5,37,16,1,
nyc,nyc,"New York, NY, United States",2021-01-06T17:00:00,3.2,-1.5,-4.6,56.47,0,0,,0,0,44.7,22.7,303,1015.9,14.1,16,0,
nyc,nyc,"New York, NY, United States",2021-01-06T18:00:00,2.6,-2.8,-4.8,58.47,0,0,,0,0,43.5,27.3,299,1016.6,14.1,16,0,
nyc,nyc,"New York, NY, United States",2021-01-06T19:00:00,2.5,-1.7,-4.7,59.3,0,0,,0,0,41.9,17,304,1017,14.1,16,0,
nyc,nyc,"New York, NY, United States",2021-01-06T20:00:00,2.5,-2.2,-4.2,61.65,0,0,,0,0,34.9,20.7,308,1017,19.2,16,0,
nyc,nyc,"New York, NY, United States",2021-01-06T21:00:00,2.5,-1.7,-4.2,61.65,0,0,,0,0,31.7,17,300,1017,25.4,16,0,
nyc,nyc,"New York, NY, United States",2021-01-06T22:00:00,2.5,-2.1,-4.6,59.44,0,0,,0,0,34.9,20,310,1016.7,20.3,16,0,
nyc,nyc,"New York, NY, United States",2021-01-06T23:00:00,2,-2.5,-4.8,61.08,0,0,,0,0,34.4,18.2,314,1016.6,10.5,16,0,
nyc,nyc,"New York, NY, United States",2021-01-07T00:00:00,1.5,-2.9,-4.8,62.99,0,0,,0,0,27.7,17.1,312,1016.8,10.5,16,0,
nyc,nyc,"New York, NY, United States",2021-01-07T01:00:00,1.5,-3.2,-4.8,62.99,0,0,,0,0,30.2,19.2,306,1017.2,10.5,16,0,
nyc,nyc,"New York, NY, United States",2021-01-07T02:00:00,1.3,-3.6,-5.4,60.96,0,0,,0,0,30.3,20.2,309,1017.5,10.5,16,0,
nyc,nyc,"New York, NY, United States",2021-01-07T03:00:00,1,-3.8,-5.4,62.32,0,0,,0,0,29.5,18.8,305,1017.5,10.5,16,0,
nyc,nyc,"New York, NY, United States",2021-01-07T04:00:00,0.8,-3.7,-5.4,63.3,0,0,,0,0,27.7,16.5,312,1017.5,10.5,16,0,
nyc,nyc,"New York, NY, United States",2021-01-07T05:00:00,0.4,-3.2,-6,62.48,0,0,,0,0,,11.4,334,1017.6,6.1,16,0,
nyc,nyc,"New York, NY, United States",2021-01-07T06:00:00,0.3,-4.3,-6.1,62.51,0,0,,0,0,27.7,16.3,316,1018.1,0,16,0,
nyc,nyc,"New York, NY, United States",2021-01-07T07:00:00,0.3,-3.9,-6.6,60.17,0,0,,0,0,,13.8,324,1018.7,10.5,16,0,
nyc,nyc,"New York, NY, United States",2021-01-07T08:00:00,-0.3,-4.2,-6.9,60.97,0,0,,0,0,27.7,12.5,334,1019.5,10.5,16,0,
nyc,nyc,"New York, NY, United States",2021-01-07T09:00:00,0.4,-5.1,-7,57.63,0,0,,0,0,40.7,22.8,334,1019.9,15.6,16,1,
nyc,nyc,"New York, NY, United States",2021-01-07T10:00:00,1.2,-2.9,-7,54.36,0,0,,0,0,,15,338,1019.9,10.5,16,3,
nyc,nyc,"New York, NY, United States",2021-01-07T11:00:00,2.2,-1.8,-6.9,50.81,0,0,,0,0,,15.7,316,1019.3,10.5,16,4,
nyc,nyc,"New York, NY, United States",2021-01-07T12:00:00,3.4,-1,-7.3,45.28,0,0,,0,0,,20.8,328,1018.5,10.5,16,5,
nyc,nyc,"New York, NY, United States",2021-01-07T13:00:00,4.6,1.6,-7.9,39.96,0,0,,0,0,27.7,13.1,328,1017.8,10.5,16,4,
nyc,nyc,"New York, NY, United States",2021-01-07T14:00:00,5,2,-7.4,40.08,0,0,,0,0,29.5,13.6,320,1017.6,6.1,16,4,
nyc,nyc,"New York, NY, United States",2021-01-07T15:00:00,5.4,2,-6.9,40.55,0,0,,0,0,,17.4,295,1017.7,6.1,16,3,
nyc,nyc,"New York, NY, United States",2021-01-07T16:00:00,5,1.7,-6.8,42.17,0,0,,0,0,35.3,14.9,320,1018.5,10.5,16,1,
nyc,nyc,"New York, NY, United States",2021-01-07T17:00:00,4.3,0.2,-6.3,46.04,0,0,,0,0,,19.7,298,1018.9,4.4,16,0,
nyc,nyc,"New York, NY, United States",2021-01-07T18:00:00,3.2,-1.4,-6.3,49.63,0,0,,0,0,,21.2,309,1019.2,4.4,16,0,
nyc,nyc,"New York, NY, United States",2021-01-07T19:00:00,2.1,-2.2,-6.3,53.7,0,0,,0,0,35.3,17.1,332,1019.4,4.4,16,0,
nyc,nyc,"New York, NY, United States",2021-01-07T20:00:00,1.5,-2.1,-6.1,56.99,0,0,,0,0,,12.2,340,1019.3,4.4,16,0,
nyc,nyc,"New York, NY, United States",2021-01-07T21:00:00,0.9,-3,-6.1,59.35,0,0,,0,0,37.1,13.2,346,1019.5,4.4,16,0,
nyc,nyc,"New York, NY, United States",2021-01-07T22:00:00,0.3,-2.1,-6.5,60.69,0,0,,0,0,,7,355,1019.3,0,16,0,
nyc,nyc,"New York, NY, United States",2021-01-07T23:00:00,0.1,-2.8,-6.5,61.15,0,0,,0,0,,8.7,334,1019.2,0,16,0,
nyc,nyc,"New York, NY, United States",2021-01-08T00:00:00,-0.4,-4.1,-6.5,63.44,0,0,,0,0,,11.7,350,1018.5,0,16,0,
nyc,nyc,"New York, NY, United States",2021-01-08T01:00:00,-0.7,-4.7,-6.5,64.86,0,0,,0,0,,12.2,348,1018.7,0,16,0,
nyc,nyc,"New York, NY, United States",2021-01-08T02:00:00,-0.9,-5,-6.6,65,0,0,,0,0,,12.5,4,1018.2,0,16,0,
nyc,nyc,"New York, NY, United States",2021-01-08T03:00:00,-1.3,-6.9,-6.6,66.87,0,0,,0,0,,20.5,350,1017.9,10.5,16,0,
nyc,nyc,"New York, NY, United States",2021-01-08T04:00:00,-1.4,-5.8,-7,65.69,0,0,,0,0,,13.6,344,1017.7,4.4,16,0,
nyc,nyc,"New York, NY, United States",2021-01-08T05:00:00,-1.8,-6.7,-7,67.91,0,0,,0,0,,15.5,354,1017.5,10.5,16,0,
nyc,nyc,"New York, NY, United States",2021-01-08T06:00:00,-1.8,-6,-7,67.49,0,0,,0,0,,12.2,350,1017.5,25.4,16,0,
nyc,nyc,"New York, NY, United States",2021-01-08T07:00:00,-1.9,-6.3,-7.1,67.43,0,0,,0,0,,12.9,313,1017.3,25.4,16,0,
nyc,nyc,"New York, NY, United States",2021-01-08T08:00:00,-1.9,-7.3,-7.1,67.43,0,0,,0,0,,17.8,6,1017,25.4,16,0,
nyc,nyc,"New York, NY, United States",2021-01-08T09:00:00,-1.3,-5.3,-7.4,63.35,0,0,,0,0,,11.9,346,1017.3,25.4,16,1,
nyc,nyc,"New York, NY, United States",2021-01-08T10:00:00,-0.8,-5.8,-7.4,61.07,0,0,,0,0,,17.3,358,1016.9,34.2,16,2,
nyc,nyc,"New York, NY, United States",2021-01-08T11:00:00,0.5,-2.1,-7,57.44,0,0,,0,0,,7.7,308,1016,34.2,16,3,
nyc,nyc,"New York, NY, United States",2021-01-08T12:00:00,1.6,-0.9,-7,52.93,0,0,,0,0,,8.4,306,1015.7,34.2,16,3,
nyc,nyc,"New York, NY, United States",2021-01-08T13:00:00,2.3,-1,-7.4,48.78,0,0,,0,0,,12.4,299,1014.4,34.2,16,2,
nyc,nyc,"New York, NY, United States",2021-01-08T14:00:00,3.1,0.1,-6.8,48.28,0,0,,0,0,,11.3,320,1013.1,34.2,16,1,
nyc,nyc,"New York, NY, United States",2021-01-08T15:00:00,3.2,0.3,-6.9,47.75,0,0,,0,0,,11,347,1013.3,34.2,16,1,
nyc,nyc,"New York, NY, United States",2021-01-08T16:00:00,2.9,0.5,-6.3,50.54,0,0,,0,0,,8.9,2,1012.8,34.2,16,0,
nyc,nyc,"New York, NY, United States",2021-01-08T17:00:00,2.4,0.2,-6.5,52.2,0,0,,0,0,,7.6,10,1013,35.9,16,0,
nyc,nyc,"New York, NY, United States",2021-01-08T18:00:00,1.9,-0.6,-6,56.01,0,0,,0,0,,8.3,12,1013.1,35.9,16,0,
nyc,nyc,"New York, NY, United States",2021-01-08T19:00:00,1.4,-3,-6.4,56.37,0,0,,0,0,,16.7,16,1012.8,38.4,16,0,
nyc,nyc,"New York, NY, United States",2021-01-08T20:00:00,0.8,-3,-6.5,58.35,0,0,,0,0,,12.4,26,1012.7,36.7,16,0,
nyc,nyc,"New York, NY, United States",2021-01-08T21:00:00,-0.3,-4.8,-6.9,60.97,0,0,,0,0,35.3,15.3,352,1012.5,34.2,16,0,
nyc,nyc,"New York, NY, United States",2021-01-08T22:00:00,-0.4,-5.3,-8.1,55.86,0,0,,0,0,43.5,17.8,360,1011.9,34.2,16,0,
nyc,nyc,"New York, NY, United States",2021-01-08T23:00:00,-0.5,-5.4,-8.3,55.45,0,0,,0,0,38.9,17,344,1011.1,34.2,16,0,
nyc,nyc,"New York, NY, United States",2021-01-09T00:00:00,-0.9,-5.7,-8.4,56.59,0,0,,0,0,30.6,16,356,1010.9,36.7,16,0,
nyc,nyc,"New York, NY, United States",2021-01-09T01:00:00,-1.1,-6.7,-8.5,57.17,0,0,,0,0,35.3,20.3,10,1011,36.7,16,0,
nyc,nyc,"New York, NY, United States",2021-01-09T02:00:00,-2,-7.5,-9,58.75,0,0,,0,0,31.7,18.2,2,1011.4,34.2,16,0,
nyc,nyc,"New York, NY, United States",2021-01-09T03:00:00,-2.6,-7.7,-9,61.35,0,0,,0,0,,15.6,354,1011.3,19.2,16,0,
nyc,nyc,"New York, NY, United States",2021-01-09T04:00:00,-3,-7.6,-9.2,62.56,0,0,,0,0,,12.6,360,1011.3,19.2,16,0,
nyc,nyc,"New York, NY, United States",2021-01-09T05:00:00,-3.1,-7.5,-9.4,62,0,0,,0,0,,11.9,356,1010.9,19.2,16,0,
nyc,nyc,"New York, NY, United States",2021-01-09T06:00:00,-3.4,-8.8,-10,60.61,0,0,,0,0,33.5,16,356,1010.9,15.6,16,0,
nyc,nyc,"New York, NY, United States",2021-01-09T07:00:00,-3.5,-6.5,-10.2,60.03,0,0,,0,0,,7,357,1011.3,15.6,16,0,
nyc,nyc,"New York, NY, United States",2021-01-09T08:00:00,-3.4,-8.7,-10.3,58.81,0,0,,0,0,37.1,15.7,356,1012,15.6,16,0,
nyc,nyc,"New York, NY, United States",2021-01-09T09:00:00,-2.7,-8.2,-10.8,53.79,0,0,,0,0,35.3,17.2,356,1012.4,10.5,16,1,
nyc,nyc,"New York, NY, United States",2021-01-09T10:00:00,-1.4,-7.8,-11.4,46.51,0,0,,0,0,37.2,25.9,2,1012.5,15.6,16,3,
nyc,nyc,"New York, NY, United States",2021-01-09T11:00:00,-0.4,-5.4,-11.4,43.16,0,0,,0,0,42.7,17.7,352,1011.8,70.3,16,4,
nyc,nyc,"New York, NY, United States",2021-01-09T12:00:00,1.2,-3.5,-10.1,42.64,0,0,,0,0,53.3,18.7,356,1011.1,80.1,16,5,
nyc,nyc,"New York, NY, United States",2021-01-09T13:00:00,1.9,-3.4,-9.4,42.77,0,0,,0,0,47.7,24.2,13,1010.6,80.1,16,4,
nyc,nyc,"New York, NY, United States",2021-01-09T14:00:00,2.5,-2.1,-9.8,39.89,0,0,,0,0,45.7,20.4,4,1011.1,95.7,16,3,
nyc,nyc,"New York, NY, United States",2021-01-09T15:00:00,2.5,-2.4,-9.7,40.37,0,0,,0,0,47.9,22.3,355,1011.5,95.7,16,1,
nyc,nyc,"New York, NY, United States",2021-01-09T16:00:00,2.2,-2.1,-9.4,42.1,0,0,,0,0,33.5,17.6,328,1012,95.7,16,0,
nyc,nyc,"New York, NY, United States",2021-01-09T17:00:00,2.1,-1.3,-9.4,42.02,0,0,,0,0,25.9,12.5,324,1012.4,95.7,16,0,
nyc,nyc,"New York, NY, United States",2021-01-09T18:00:00,2.5,-0.2,-9.5,40.85,0,0,,0,0,,9.3,328,1012.9,95.7,16,0,
nyc,nyc,"New York, NY, United States",2021-01-09T19:00:00,2.5,0.3,-9.3,41.21,0,0,,0,0,,7.7,346,1013.3,95.7,16,0,
nyc,nyc,"New York, NY, United States",2021-01-09T20:00:00,2,-1.2,-9.1,43.48,0,0,,0,0,,11.4,14,1013.9,95.7,16,0,
nyc,nyc,"New York, NY, United States",2021-01-09T21:00:00,1.9,-2.1,-9.3,43.43,0,0,,0,0,,15.4,352,1014.4,88.9,16,0,
nyc,nyc,"New York, NY, United States",2021-01-09T22:00:00,1.5,-1.9,-8.6,47.34,0,0,,0,0,,11.5,354,1015,19.2,16,0,
nyc,nyc,"New York, NY, United States",2021-01-09T23:00:00,0.8,-3.5,-8.2,51.11,0,0,,0,0,29.5,15.6,355,1015.7,10.5,16,0,
nyc,nyc,"New York, NY, United States",2021-01-10T00:00:00,0.4,-4.3,-7.9,53.9,0,0,,0,0,,17.3,345,1016.1,19.2,16,0,
nyc,nyc,"New York, NY, United States",2021-01-10T01:00:00,0.3,-3.1,-7.8,54.68,0,0,,0,0,,10.7,344,1016.5,15.6,16,0,
nyc,nyc,"New York, NY, United States",2021-01-10T02:00:00,0.4,-3.6,-7.7,54.54,0,0,,0,0,25.9,13.1,334,1017.3,15.6,16,0,
nyc,nyc,"New York, NY, United States",2021-01-10T03:00:00,-0.3,-4,-8,56.04,0,0,,0,0,,11.4,330,1018.1,19.2,16,0,
nyc,nyc,"New York, NY, United States",2021-01-10T04:00:00,-0.4,-3.9,-8.5,54.32,0,0,,0,0,,10.8,330,1018.6,10.5,16,0,
nyc,nyc,"New York, NY, United States",2021-01-10T05:00:00,-0.7,-2.8,-8.6,55.25,0,0,,0,0,35.3,5.8,355,1018.6,10.5,16,0,
nyc,nyc,"New York, NY, United States",2021-01-10T06:00:00,-0.7,-4.5,-8.6,55.25,0,0,,0,0,,11,344,1019.4,10.5,16,0,
nyc,nyc,"New York, NY, United States",2021-01-10T07:00:00,-1.1,-4.7,-8.7,56.01,0,0,,0,0,,10.4,350,1020.1,14.1,16,0,
nyc,nyc,"New York, NY, United States",2021-01-10T08:00:00,-1.3,-4.1,-8.6,57.35,0,0,,0,0,,7.6,357,1020.9,19.2,16,0,
nyc,nyc,"New York, NY, United States",2021-01-10T09:00:00,-0.6,-4.2,-8.6,54.41,0,0,,0,0,,10.7,346,1022,19.2,16,1,
nyc,nyc,"New York, NY, United States",2021-01-10T10:00:00,0.6,-3.9,-8,52.55,0,0,,0,0,,16.3,346,1023,25.4,16,3,
nyc,nyc,"New York, NY, United States",2021-01-10T11:00:00,1.2,-1.9,-8.1,49.77,0,0,,0,0,,10.6,338,1023.3,25.4,16,4,
nyc,nyc,"New York, NY, United States",2021-01-10T12:00:00,2.7,-1,-8,45.15,0,0,,0,0,,14.9,306,1022.8,25.4,16,4,
nyc,nyc,"New York, NY, United States",2021-01-10T13:00:00,3.9,0.7,-7.9,41.9,0,0,,0,0,,13.5,304,1022.4,25.4,16,4,
nyc,nyc,"New York, NY, United States",2021-01-10T14:00:00,5.3,4.2,-7.8,38.23,0,0,,0,0,,5.8,357,1022.2,19.2,16,4,
nyc,nyc,"New York, NY, United States",2021-01-10T15:00:00,5,2.9,-7.7,39.25,0,0,,0,0,,9.4,349,1022.6,14.1,16,3,
nyc,nyc,"New York, NY, United States",2021-01-10T16:00:00,4.9,3,-8.1,38.29,0,0,,0,0,,8.4,314,1022.9,14.1,16,1,
nyc,nyc,"New York, NY, United States",2021-01-10T17:00:00,4.1,4.1,-7.6,42.15,0,0,,0,0,,3.5,360,1023.8,10.5,16,0,
nyc,nyc,"New York, NY, United States",2021-01-10T18:00:00,3.4,1.4,-7.5,44.71,0,0,,0,0,,7.6,309,1024.5,10.5,16,0,
nyc,nyc,"New York, NY, United States",2021-01-10T19:00:00,3.2,3.2,-7.2,46.38,0,0,,0,0,,4.3,12,1024.9,10.5,16,0,
nyc,nyc,"New York, NY, United States",2021-01-10T20:00:00,2.9,0.3,-7,48.35,0,0,,0,0,,9.2,359,1025.2,20.3,16,0,
nyc,nyc,"New York, NY, United States",2021-01-10T21:00:00,1.3,-1.5,-6.5,56.09,0,0,,0,0,,8.9,32,1026.3,14.2,16,0,
nyc,nyc,"New York, NY, United States",2021-01-10T22:00:00,0.9,-1.9,-6.5,57.53,0,0,,0,0,,8.8,19,1026.4,14.1,16,0,
nyc,nyc,"New York, NY, United States",2021-01-10T23:00:00,0.2,-2.8,-6.9,58.73,0,0,,0,0,,9,26,1026.1,14.1,16,0,
nyc,nyc,"New York, NY, United States",2021-01-11T00:00:00,0,-2.6,-7.4,57.75,0,0,,0,0,,7.7,359,1026.4,25.4,16,0,
nyc,nyc,"New York, NY, United States",2021-01-11T01:00:00,-0.9,-3.6,-7.1,62.99,0,0,,0,0,,7.5,316,1026.7,20.3,16,0,
nyc,nyc,"New York, NY, United States",2021-01-11T02:00:00,-1.1,-3.7,-7.1,63.67,0,0,,0,0,,7.2,18,1026.5,14.1,16,0,
nyc,nyc,"New York, NY, United States",2021-01-11T03:00:00,-1.4,-4.4,-7,65.38,0,0,,0,0,,8.1,22,1026.5,14.1,16,0,
nyc,nyc,"New York, NY, United States",2021-01-11T04:00:00,-1.8,-4.6,-7,67.31,0,0,,0,0,,7.4,26,1026.2,14.1,16,0,
nyc,nyc,"New York, NY, United States",2021-01-11T05:00:00,-1.6,-1.6,-7,66.49,0,0,,0,0,,0,0,1026.8,20.3,16,0,
nyc,nyc,"New York, NY, United States",2021-01-11T06:00:00,-1.6,-1.6,-6.5,69.09,0,0,,0,0,,4.5,321,1027.1,35.9,16,0,
nyc,nyc,"New York, NY, United States",2021-01-11T07:00:00,-1.9,-1.9,-6.6,70.07,0,0,,0,0,,2.9,1,1026.9,34.2,16,0,
nyc,nyc,"New York, NY, United States",2021-01-11T08:00:00,-1.6,-1.6,-6.5,69.51,0,0,,0,0,,1.2,5,1026.6,38.4,16,0,
nyc,nyc,"New York, NY, United States",2021-01-11T09:00:00,-1.2,-3.8,-6.4,67.88,0,0,,0,0,,7,307,1027,38.4,16,1,
nyc,nyc,"New York, NY, United States",2021-01-11T10:00:00,-0.3,-3.2,-6.1,64.85,0,0,,0,0,,8.7,343,1027.1,38.4,16,1,
nyc,nyc,"New York, NY, United States",2021-01-11T11:00:00,-0.1,-2.6,-6.1,64.31,0,0,,0,0,,7.1,317,1026.5,40.4,16,2,
nyc,nyc,"New York, NY, United States",2021-01-11T12:00:00,1.3,1.3,-5.7,59.6,0,0,,0,0,,0,0,1024.8,38.4,16,2,
nyc,nyc,"New York, NY, United States",2021-01-11T13:00:00,0.7,-2.6,-6,60.92,0,0,,0,0,,10.7,274,1024.7,100,16,2,
nyc,nyc,"New York, NY, United States",2021-01-11T14:00:00,2.5,2.5,-5.7,55.11,0,0,,0,0,,2.9,329,1024.2,38.4,16,2,
nyc,nyc,"New York, NY, United States",2021-01-11T15:00:00,2.5,2.5,-5.7,55.08,0,0,,0,0,,0,0,1023.6,97.5,16,1,
nyc,nyc,"New York, NY, United States",2021-01-11T16:00:00,3,1,-5,55.65,0,0,,0,0,,7.2,19,1023,65,16,0,
nyc,nyc,"New York, NY, United States",2021-01-11T17:00:00,3,3,-4.9,56.26,0,0,,0,0,,0.9,0,1022.9,34.2,16,0,
nyc,nyc,"New York, NY, United States",2021-01-11T18:00:00,2.5,2.5,-5.4,55.99,0,0,,0,0,,2.1,61,1022.7,34.2,16,0,
nyc,nyc,"New York, NY, United States",2021-01-11T19:00:00,2.3,2.3,-4.5,60.92,0,0,,0,0,,4.2,57,1022.6,27.9,16,0,
nyc,nyc,"New York, NY, United States",2021-01-11T20:00:00,2.4,2.4,-4.2,61.63,0,0,,0,0,,0,0,1022.7,19.2,16,0,
nyc,nyc,"New York, NY, United States",2021-01-11T21:00:00,2,2,-4.6,61.46,0,0,,0,0,,0,0,1022.2,19.2,16,0,
nyc,nyc,"New York, NY, United States",2021-01-11T22:00:00,1.5,1.5,-4.1,66.3,0,0,,0,0,,1.2,27,1021.8,8,16,0,
nyc,nyc,"New York, NY, United States",2021-01-11T23:00:00,1.8,0.4,-4.2,64.58,0,0,,0,0,,5,250,1021.5,10.5,16,0,
nyc,nyc,"New York, NY, United States",2021-01-12T00:00:00,1.8,0.5,-5.4,58.78,0,0,,0,0,,5,250,1021,10.5,16,0,
nyc,nyc,"New York, NY, United States",2021-01-12T01:00:00,1.5,-0.5,-5.3,60.74,0,0,,0,0,,6.6,274,1020.6,10.5,16,0,
nyc,nyc,"New York, NY, United States",2021-01-12T02:00:00,1.8,-0.3,-5,60.56,0,0,,0,0,,7.2,235,1020.8,10.5,16,0,
nyc,nyc,"New York, NY, United States",2021-01-12T03:00:00,1,-1.2,-5.1,63.65,0,0,,0,0,,7,273,1020.6,10.5,16,0,
nyc,nyc,"New York, NY, United States",2021-01-12T04:00:00,0.8,-2.7,-5,64.87,0,0,,0,0,,11.4,273,1020.1,10.5,16,0,
nyc,nyc,"New York, NY, United States",2021-01-12T05:00:00,0.8,-1.7,-4.9,66.08,0,0,,0,0,,7.4,263,1020.1,10.5,16,0,
nyc,nyc,"New York, NY, United States",2021-01-12T06:00:00,0.4,-3.1,-5,67.03,0,0,,0,0,,11.4,279,1020.2,10.5,14.8,0,
nyc,nyc,"New York, NY, United States",2021-01-12T07:00:00,0.9,-2.4,-4.9,65.59,0,0,,0,0,,10.6,278,1020.4,15.6,14.8,0,
nyc,nyc,"New York, NY, United States",2021-01-12T08:00:00,0.6,-2.2,-4.9,67.06,0,0,,0,0,,8.4,277,1020.2,10.5,12.6,0,
nyc,nyc,"New York, NY, United States",2021-01-12T09:00:00,1.6,-1.6,-4.6,63.65,0,0,,0,0,,10.7,280,1020.9,10.5,12.4,1,
nyc,nyc,"New York, NY, United States",2021-01-12T10:00:00,2.7,2.7,-4.6,58.94,0,0,,0,0,,4.1,310,1021.1,10.5,13.8,3,
nyc,nyc,"New York, NY, United States",2021-01-12T11:00:00,4.1,1.2,-4.9,52.15,0,0,,0,0,,12,327,1020.4,14.1,14.2,4,
nyc,nyc,"New York, NY, United States",2021-01-12T12:00:00,5.5,3.3,-5.1,46.29,0,0,,0,0,,9.9,320,1019.3,20.3,14.2,5,
nyc,nyc,"New York, NY, United States",2021-01-12T13:00:00,6.8,5.6,-5.3,41.87,0,0,,0,0,,6.9,310,1018.7,25.4,16,5,
nyc,nyc,"New York, NY, United States",2021-01-12T14:00:00,6.7,5.8,-5.7,40.84,0,0,,0,0,,5.4,325,1018.5,14.1,16,4,
nyc,nyc,"New York, NY, United States",2021-01-12T15:00:00,6.4,5.7,-5.7,41.45,0,0,,0,0,,5,51,1018.1,14.1,16,3,
nyc,nyc,"New York, NY, United States",2021-01-12T16:00:00,6.2,5.1,-5.7,41.99,0,0,,0,0,,6.2,328,1017.8,10.5,16,1,
nyc,nyc,"New York, NY, United States",2021-01-12T17:00:00,5.6,3.9,-5.1,45.78,0,0,,0,0,,8,332,1017.7,14.1,16,0,
nyc,nyc,"New York, NY, United States",2021-01-12T18:00:00,4.3,3.3,-4.2,54.2,0,0,,0,0,,5,52,1017.9,14.1,16,0,
nyc,nyc,"New York, NY, United States",2021-01-12T19:00:00,4.2,2,-4.4,53.57,0,0,,0,0,,8.7,14,1018.3,19.2,16,0,
nyc,nyc,"New York, NY, United States",2021-01-12T20:00:00,3.4,1.4,-4.8,55.2,0,0,,0,0,,7.5,43,1018.7,25.4,16,0,
nyc,nyc,"New York, NY, United States",2021-01-12T21:00:00,3.6,1.2,-4.9,53.8,0,0,,0,0,,9,24,1018.6,34.2,16,0,
nyc,nyc,"New York, NY, United States",2021-01-12T22:00:00,2.9,1,-4.7,57.11,0,0,,0,0,,6.9,23,1018.8,35.9,16,0,
nyc,nyc,"New York, NY, United States",2021-01-12T23:00:00,2.9,0.4,-5.4,54.53,0,0,,0,0,,9,25,1018.8,19.2,16,0,
nyc,nyc,"New York, NY, United States",2021-01-13T00:00:00,2.5,2.5,-5.4,56.14,0,0,,0,0,,2.9,2,1018.5,46.4,16,0,
nyc,nyc,"New York, NY, United States",2021-01-13T01:00:00,2.1,2.1,-4.5,61.86,0,0,,0,0,,3.3,301,1018.2,81.9,16,0,
nyc,nyc,"New York, NY, United States",2021-01-13T02:00:00,2.6,2.6,-4.8,58.46,0,0,,0,0,,0,0,1018.1,100,14.8,0,
nyc,nyc,"New York, NY, United States",2021-01-13T03:00:00,2.6,2.6,-4.6,59.32,0,0,,0,0,,1.2,338,1018.1,100,16,0,
nyc,nyc,"New York, NY, United States",2021-01-13T04:00:00,2.4,-0.4,-5.2,57.43,0,0,,0,0,,9.8,277,1018,100,16,0,
nyc,nyc,"New York, NY, United States",2021-01-13T05:00:00,3,3,-5.2,55.19,0,0,,0,0,,2.9,347,1018,100,14.8,0,
nyc,nyc,"New York, NY, United States",2021-01-13T06:00:00,3,3,-5.3,54.57,0,0,,0,0,,0,0,1017.9,100,14.8,0,
nyc,nyc,"New York, NY, United States",2021-01-13T07:00:00,3,3,-5.4,54.18,0,0,,0,0,,0,0,1018.1,100,14.8,0,
nyc,nyc,"New York, NY, United States",2021-01-13T08:00:00,3.2,3.2,-5,55.06,0,0,,0,0,,1.2,323,1017.9,100,14.2,0,
nyc,nyc,"New York, NY, United States",2021-01-13T09:00:00,3.8,3.8,-5.4,50.9,0,0,,0,0,,3.6,282,1018.3,98.2,14.2,0,
nyc,nyc,"New York, NY, United States",2021-01-13T10:00:00,4.6,3.6,-4.9,50.27,0,0,,0,0,,5.1,278,1018.3,98.2,12.6,2,
nyc,nyc,"New York, NY, United States",2021-01-13T11:00:00,5,2.9,-5,48.26,0,0,,0,0,,8.8,213,1017.2,98.2,13.8,2,
nyc,nyc,"New York, NY, United States",2021-01-13T12:00:00,5.8,3,-5.2,45.39,0,0,,0,0,,12.8,252,1015.9,98.2,14.2,3,
nyc,nyc,"New York, NY, United States",2021-01-13T13:00:00,6.3,4.3,-5,44.16,0,0,,0,0,,9.4,224,1015,88.9,14.2,3,
nyc,nyc,"New York, NY, United States",2021-01-13T14:00:00,6.3,3.8,-4.6,45.53,0,0,,0,0,,12,258,1014.3,90.6,14.2,2,
nyc,nyc,"New York, NY, United States",2021-01-13T15:00:00,5.9,2.6,-4.8,46.13,0,0,,0,0,33.3,16.8,264,1014.1,100,14.8,1,
nyc,nyc,"New York, NY, United States",2021-01-13T16:00:00,4.9,2.1,-4.4,51.08,0,0,,0,0,,12,266,1014.1,65,14.2,1,
nyc,nyc,"New York, NY, United States",2021-01-13T17:00:00,4.6,0.6,-4.4,51.86,0,0,,0,0,33.5,19.9,256,1014,88.9,14.2,0,
nyc,nyc,"New York, NY, United States",2021-01-13T18:00:00,4.6,1.3,-4.3,52.73,0,0,,0,0,,14.7,250,1013.8,65,14.8,0,
nyc,nyc,"New York, NY, United States",2021-01-13T19:00:00,4,1.2,-4.3,54.88,0,0,,0,0,,11.4,235,1013.5,34.2,14.8,0,
nyc,nyc,"New York, NY, United States",2021-01-13T20:00:00,4,4,-3.8,56.73,0,0,,0,0,,1.2,313,1013.4,50.8,14.8,0,
nyc,nyc,"New York, NY, United States",2021-01-13T21:00:00,4.3,2.3,-3.7,55.99,0,0,,0,0,,8.4,228,1013.3,88.9,14.8,0,
nyc,nyc,"New York, NY, United States",2021-01-13T22:00:00,4.8,2.8,-3.6,54.63,0,0,,0,0,,8.4,215,1013,88.9,14.4,0,
nyc,nyc,"New York, NY, United States",2021-01-13T23:00:00,4.8,4.8,-3.1,56.58,0,0,,0,0,,1.7,306,1012.6,91.4,14.4,0,
nyc,nyc,"New York, NY, United States",2021-01-14T00:00:00,5.3,5.3,-2.7,56.43,0,0,,0,0,,2.6,273,1012.2,100,15.7,0,
nyc,nyc,"New York, NY, United States",2021-01-14T01:00:00,4.2,2.5,-1.9,64.36,0,0,,0,0,,7,231,1011.5,91.4,16,0,
nyc,nyc,"New York, NY, United States",2021-01-14T02:00:00,4.3,4.3,-2.3,62.61,0,0,,0,0,,2.1,306,1011.2,36.7,16,0,
nyc,nyc,"New York, NY, United States",2021-01-14T03:00:00,3.9,3.9,-1.8,65.95,0,0,,0,0,,0,0,1010.9,38.4,14.8,0,
nyc,nyc,"New York, NY, United States",2021-01-14T04:00:00,3.7,3.7,-2.1,65.65,0,0,,0,0,,4.7,308,1010.3,38.4,14.8,0,
nyc,nyc,"New York, NY, United States",2021-01-14T05:00:00,3.9,3.9,-2,65.14,0,0,,0,0,,2.6,17,1010.4,38.4,14.8,0,
nyc,nyc,"New York, NY, United States",2021-01-14T06:00:00,3.9,3.9,-1.8,66.09,0,0,,0,0,,2.5,306,1010.5,97.5,14.2,0,
nyc,nyc,"New York, NY, United States",2021-01-14T07:00:00,4.3,4.3,-1.1,67.92,0,0,,0,0,,2.4,287,1010.7,66.7,14.2,0,
nyc,nyc,"New York, NY, United States",2021-01-14T08:00:00,3.9,3.9,-1.1,69.83,0,0,,0,0,,4.2,283,1010.8,95.7,11.6,0,
nyc,nyc,"New York, NY, United States",2021-01-14T09:00:00,5.5,4.5,-0.7,64.62,0,0,,0,0,,5.4,351,1010.8,34.2,11.3,1,
nyc,nyc,"New York, NY, United States",2021-01-14T10:00:00,6.6,6.6,-0.8,59.24,0,0,,0,0,,2.1,24,1010.7,29.5,11.3,2,
nyc,nyc,"New York, NY, United States",2021-01-14T11:00:00,7,5.7,-1.2,55.77,0,0,,0,0,,7.2,331,1010.3,34.2,10.7,3,
nyc,nyc,"New York, NY, United States",2021-01-14T12:00:00,7.9,7.9,-1.2,52.5,0,0,,0,0,,4.5,51,1009.2,100,10.7,3,
nyc,nyc,"New York, NY, United States",2021-01-14T13:00:00,8.8,8.8,-1.3,49.2,0,0,,0,0,,1.7,17,1008.7,100,11,3,
nyc,nyc,"New York, NY, United States",2021-01-14T14:00:00,9.1,9.1,-1.8,46.39,0,0,,0,0,,2.9,36,1008.4,50.8,13,3,
nyc,nyc,"New York, NY, United States",2021-01-14T15:00:00,9.6,9.6,-2,44.37,0,0,,0,0,,2.4,23,1008.5,85.7,14,3,
nyc,nyc,"New York, NY, United States",2021-01-14T16:00:00,9.5,9.5,-2,44.8,0,0,,0,0,,3.3,38,1008.5,47.7,13.8,1,
nyc,nyc,"New York, NY, United States",2021-01-14T17:00:00,8.5,7.7,-1.5,49.24,0,0,,0,0,,6.2,64,1008.9,95.7,13.4,0,
nyc,nyc,"New York, NY, United States",2021-01-14T18:00:00,7.9,6.5,-0.9,53.72,0,0,,0,0,,8.1,5,1009.8,88.9,14.8,0,
nyc,nyc,"New York, NY, United States",2021-01-14T19:00:00,7.3,5.8,0.1,60.19,0,0,,0,0,,8.2,43,1010.2,95.7,14.8,0,
nyc,nyc,"New York, NY, United States",2021-01-14T20:00:00,6.7,5,0.1,63.17,0,0,,0,0,,8.2,32,1010.7,65,14.8,0,
nyc,nyc,"New York, NY, United States",2021-01-14T21:00:00,6,4.6,0,65.48,0,0,,0,0,,6.9,2,1011.3,88.9,16,0,
nyc,nyc,"New York, NY, United States",2021-01-14T22:00:00,5.5,3.3,0.1,68.3,0,0,,0,0,,9.8,1,1011.7,25.4,14.4,0,
nyc,nyc,"New York, NY, United States",2021-01-14T23:00:00,5.6,5.6,0.2,68.65,0,0,,0,0,,3.2,359,1012.2,34.2,15.7,0,
nyc,nyc,"New York, NY, United States",2021-01-15T00:00:00,4.8,4.8,0,71.24,0,0,,0,0,,3.6,7,1012.3,34.2,15.7,0,
nyc,nyc,"New York, NY, United States",2021-01-15T01:00:00,4.1,2.5,-0.2,73.77,0,0,,0,0,,6.4,26,1012.4,34.2,14.4,0,
nyc,nyc,"New York, NY, United States",2021-01-15T02:00:00,3.9,1.9,0,75.69,0,0,,0,0,,7.6,44,1012.9,34.2,13.4,0,
nyc,nyc,"New York, NY, United States",2021-01-15T03:00:00,4.1,4.1,0.2,75.93,0,0,,0,0,,4.2,32,1014,25.4,13.2,0,
nyc,nyc,"New York, NY, United States",2021-01-15T04:00:00,3.9,1.9,0,75.69,0,0,,0,0,,7.9,32,1014.1,19.2,13.2,0,
nyc,nyc,"New York, NY, United States",2021-01-15T05:00:00,3.6,0.5,0.1,78.18,0,0,,0,0,,12.4,53,1013.8,30.5,11.9,0,
nyc,nyc,"New York, NY, United States",2021-01-15T06:00:00,2.8,-0.3,0.4,83.9,0,0,,0,0,,11.5,46,1014.4,27.9,11.8,0,
nyc,nyc,"New York, NY, United States",2021-01-15T07:00:00,3,0.4,0.6,83.78,0,0,,0,0,,9.8,51,1014.4,88.9,10.7,0,
nyc,nyc,"New York, NY, United States",2021-01-15T08:00:00,3.5,0.1,1.3,85.37,0,0,,0,0,,14.2,73,1015.1,100,5.2,0,
nyc,nyc,"New York, NY, United States",2021-01-15T09:00:00,4,0.8,1.8,85.72,0,0,,0,0,,12.9,68,1016,100,4.4,0,
nyc,nyc,"New York, NY, United States",2021-01-15T10:00:00,4.6,0.6,2.3,85.11,0,0,,0,0,,19.4,58,1016.2,100,5.2,1,
nyc,nyc,"New York, NY, United States",2021-01-15T11:00:00,4.3,0.3,1.9,84.16,0,0,,0,0,,19.4,52,1016.3,100,5.4,1,
nyc,nyc,"New York, NY, United States",2021-01-15T12:00:00,4.7,1,2.2,83.82,0,0,,0,0,,17.9,47,1015.1,100,6.8,1,
nyc,nyc,"New York, NY, United States",2021-01-15T13:00:00,5.3,1.8,1.9,78.52,0,0,,0,0,31.7,17.7,55,1014,100,9,1,
nyc,nyc,"New York, NY, United States",2021-01-15T14:00:00,5.5,1.6,2.3,79.79,0,0,,0,0,31.7,21.3,48,1013,100,10.6,2,
nyc,nyc,"New York, NY, United States",2021-01-15T15:00:00,6.4,3.8,2.8,77.87,0,0,,0,0,,13.4,56,1013,100,11.4,0,
nyc,nyc,"New York, NY, United States",2021-01-15T16:00:00,7.3,4.5,3.2,75.01,0,0,,0,0,38.9,16.2,96,1012.4,100,12,0,
nyc,nyc,"New York, NY, United States",2021-01-15T17:00:00,8,5.4,3.9,75.27,0,0,,0,0,27,16,100,1013.7,100,15.7,0,
nyc,nyc,"New York, NY, United States",2021-01-15T18:00:00,8,5.4,4.3,77.47,0,0,,0,0,44.6,15.6,108,1013.3,100,16,0,
nyc,nyc,"New York, NY, United States",2021-01-15T19:00:00,8,4.8,4.3,77.9,0,0,,0,0,36.3,20.1,98,1012.4,100,14.4,0,
nyc,nyc,"New York, NY, United States",2021-01-15T20:00:00,8,4.7,4.3,77.9,0.02,100,rain,0,0,32.7,21.5,84,1011.7,100,15.7,0,
nyc,nyc,"New York, NY, United States",2021-01-15T21:00:00,6.8,3.6,4.6,85.6,0.5,100,rain,0,0,35.3,18.3,64,1010.2,100,13.8,0,
nyc,nyc,"New York, NY, United States",2021-01-15T22:00:00,6.7,3.3,4.6,86.69,2.28,100,rain,0,0,27.7,19,73,1009.1,100,5.2,0,
nyc,nyc,"New York, NY, United States",2021-01-15T23:00:00,6.4,3.8,4.6,88.54,5.13,100,rain,0,0,35.3,13.1,70,1007.7,100,5.1,0,
nyc,nyc,"New York, NY, United States",2021-01-16T00:00:00,7.1,4.6,5.6,89.78,2.34,100,rain,0,0,30.9,13.8,92,1007.7,100,11.2,0,
nyc,nyc,"New York, NY, United States",2021-01-16T01:00:00,7.6,4.6,5.7,87.3,0.45,100,rain,0,0,47.4,18.6,67,1005.8,100,15.2,0,
nyc,nyc,"New York, NY, United States",2021-01-16T02:00:00,6.1,2.6,4.7,90.61,0.81,100,rain,0,0,37.9,18.9,83,1004.6,100,13.5,0,
nyc,nyc,"New York, NY, United States",2021-01-16T03:00:00,5.5,0.8,4,90.12,7.17,100,rain,0,0,48.6,29.9,29,1003.6,100,4.1,0,
nyc,nyc,"New York, NY, United States",2021-01-16T04:00:00,5.4,0.9,3.9,89.96,4.55,100,rain,0,0,43,27.5,55,1002.2,100,8.8,0,
nyc,nyc,"New York, NY, United States",2021-01-16T05:00:00,5.3,1.9,3.4,87.38,3.37,100,rain,0,0,47.6,16.5,35,1000.7,100,8.2,0,
nyc,nyc,"New York, NY, United States",2021-01-16T06:00:00,5.2,1.4,3.7,90,2.63,100,rain,0,0,29.5,19.6,53,999.4,100,13.5,0,
nyc,nyc,"New York, NY, United States",2021-01-16T07:00:00,5.6,3.1,3.8,88,0.25,100,rain,0,0,,12,61,997.6,100,16,0,
nyc,nyc,"New York, NY, United States",2021-01-16T08:00:00,5.5,3.6,4,90.44,0,0,,0,0,,8.5,325,996.9,100,16,0,
nyc,nyc,"New York, NY, United States",2021-01-16T09:00:00,5.4,2.5,3.5,87.88,0,0,,0,0,,13.1,308,997.1,100,15.5,1,
nyc,nyc,"New York, NY, United States",2021-01-16T10:00:00,6.1,6.1,3.8,85.64,0.05,100,rain,0,0,,3.6,314,996.9,100,16,1,
nyc,nyc,"New York, NY, United States",2021-01-16T11:00:00,7,5.1,4.3,82.93,0,0,,0,0,,10,261,996.4,97.5,16,2,
nyc,nyc,"New York, NY, United States",2021-01-16T12:00:00,7.7,5.2,4.6,80.62,0,0,,0,0,,14.2,247,995,97.5,16,1,
nyc,nyc,"New York, NY, United States",2021-01-16T13:00:00,8.1,5.4,4.2,76.74,0,0,,0,0,,16.4,282,994,95.7,16,2,
nyc,nyc,"New York, NY, United States",2021-01-16T14:00:00,8.2,5.3,3.4,71.71,0,0,,0,0,37.1,17.9,251,994,80.1,16,2,
nyc,nyc,"New York, NY, United States",2021-01-16T15:00:00,7.7,4.4,1.7,65.91,0,0,,0,0,32.5,20.4,275,994.2,95.7,16,1,
nyc,nyc,"New York, NY, United States",2021-01-16T16:00:00,7,3.6,0,60.84,0,0,,0,0,33,20.4,282,994.7,95.7,16,1,
nyc,nyc,"New York, NY, United States",2021-01-16T17:00:00,6.5,3,-0.3,62.13,0,0,,0,0,37.8,19.6,282,995.3,88.9,16,0,
nyc,nyc,"New York, NY, United States",2021-01-16T18:00:00,5.9,2.8,-1.2,60.61,0,0,,0,0,33.6,15.2,282,996.1,88.9,16,0,
nyc,nyc,"New York, NY, United States",2021-01-16T19:00:00,5.1,1.5,-1.6,61.86,0,0,,0,0,38.9,18,279,996.6,50.8,16,0,
nyc,nyc,"New York, NY, United States",2021-01-16T20:00:00,4.6,1.1,-2.2,61.46,0,0,,0,0,,16.1,277,996.7,25.4,16,0,
nyc,nyc,"New York, NY, United States",2021-01-16T21:00:00,4.3,0.7,-2.9,59.66,0,0,,0,0,38.9,16.2,265,996.7,50.8,16,0,
nyc,nyc,"New York, NY, United States",2021-01-16T22:00:00,4,1,-3.8,56.73,0,0,,0,0,33.5,12.4,256,996.6,10.5,16,0,
nyc,nyc,"New York, NY, United States",2021-01-16T23:00:00,3.6,0.3,-3.9,57.95,0,0,,0,0,40.7,13.7,260,996.7,10.5,16,0,
nyc,nyc,"New York, NY, United States",2021-01-17T00:00:00,3.2,-1.7,-3.9,59.83,0,0,,0,0,38.9,24.1,256,997.1,10.5,16,0,
nyc,nyc,"New York, NY, United States",2021-01-17T01:00:00,3.2,-1.6,-4,59.44,0,0,,0,0,37,23.6,246,998.3,6.1,16,0,
nyc,nyc,"New York, NY, United States",2021-01-17T02:00:00,3,-1.4,-3.9,60.75,0,0,,0,0,36.6,19.1,252,998.9,0,16,0,
nyc,nyc,"New York, NY, United States",2021-01-17T03:00:00,2.5,-2.3,-3.3,65.4,0,0,,0,0,41.6,22.1,247,999.7,0,16,0,
nyc,nyc,"New York, NY, United States",2021-01-17T04:00:00,2.5,-1.7,-3.3,65.4,0,0,,0,0,40.7,17.7,248,1000.2,4.4,16,0,
nyc,nyc,"New York, NY, United States",2021-01-17T05:00:00,2.4,-2.1,-3.4,65.42,0,0,,0,0,38.9,19.2,233,1000.6,10.5,16,0,
nyc,nyc,"New York, NY, United States",2021-01-17T06:00:00,2.3,-1.6,-3.7,64.66,0,0,,0,0,38.9,15,247,1001.4,78.6,16,0,
nyc,nyc,"New York, NY, United States",2021-01-17T07:00:00,2.4,-2.1,-3.9,63.33,0,0,,0,0,31,19.2,247,1001.8,95.7,16,0,
nyc,nyc,"New York, NY, United States",2021-01-17T08:00:00,2.5,-2,-4.5,60.1,0,0,,0,0,38,19.2,248,1002.3,80.1,16,0,
nyc,nyc,"New York, NY, United States",2021-01-17T09:00:00,3.3,-1.7,-5.7,52,0,0,,0,0,47.3,24.6,237,1002.8,10.5,16,1,
nyc,nyc,"New York, NY, United States",2021-01-17T10:00:00,4.2,-0.9,-6.1,47.21,0,0,,0,0,51.5,29.4,256,1003.5,10.5,16,3,
nyc,nyc,"New York, NY, United States",2021-01-17T11:00:00,5.4,1.5,-5.6,45.28,0,0,,0,0,57.8,20,262,1003.5,19.2,16,4,
nyc,nyc,"New York, NY, United States",2021-01-17T12:00:00,5.7,1.5,-5,46.11,0,0,,0,0,50.8,24.1,268,1002.7,61.2,16,4,
nyc,nyc,"New York, NY, United States",2021-01-17T13:00:00,6.1,2.1,-4.8,45.6,0,0,,0,0,46.6,22.6,270,1002.5,88.9,16,3,
nyc,nyc,"New York, NY, United States",2021-01-17T14:00:00,6.5,2.7,-4.3,46.26,0,0,,0,0,52.7,22.1,276,1002.9,96,16,2,
nyc,nyc,"New York, NY, United States",2021-01-17T15:00:00,7,3.9,-4.4,44.16,0,0,,0,0,37.1,17,273,1003.2,39.9,16,1,
nyc,nyc,"New York, NY, United States",2021-01-17T16:00:00,7,3.7,-4.3,44.66,0,0,,0,0,36.8,18.6,278,1003.8,95.7,16,0,
nyc,nyc,"New York, NY, United States",2021-01-17T17:00:00,6.5,3.3,-4.3,46.18,0,0,,0,0,33.5,17,275,1004.6,95.7,16,0,
nyc,nyc,"New York, NY, United States",2021-01-17T18:00:00,6.4,4.1,-4,47.55,0,0,,0,0,25.9,11.2,250,1005.4,97.5,16,0,
nyc,nyc,"New York, NY, United States",2021-01-17T19:00:00,6.4,3.7,-4,47.55,0,0,,0,0,31.7,13.6,258,1006,97.5,16,0,
nyc,nyc,"New York, NY, United States",2021-01-17T20:00:00,6.3,4,-4.3,46.51,0,0,,0,0,,11,253,1006.3,98.2,16,0,
nyc,nyc,"New York, NY, United States",2021-01-17T21:00:00,6.1,4,-3.9,48.82,0,0,,0,0,32,9.8,245,1006.1,95.7,16,0,
nyc,nyc,"New York, NY, United States",2021-01-17T22:00:00,5.9,3.1,-4,48.97,0,0,,0,0,,13.4,246,1006.3,97.5,16,0,
nyc,nyc,"New York, NY, United States",2021-01-17T23:00:00,5.8,3.4,-3.9,49.9,0,0,,0,0,,11,251,1006.2,100,16,0,
nyc,nyc,"New York, NY, United States",2021-01-18T00:00:00,5.8,3.5,-3.2,52.34,0,0,,0,0,,10.3,206,1005.7,100,16,0,
nyc,nyc,"New York, NY, United States",2021-01-18T01:00:00,5.4,2.6,-3.2,53.86,0,0,,0,0,29.5,12.9,235,1005.4,92,16,0,
nyc,nyc,"New York, NY, United States",2021-01-18T02:00:00,4.4,1.6,-3.2,57.68,0,0,,0,0,,12,237,1005.4,32.3,16,0,
nyc,nyc,"New York, NY, United States",2021-01-18T03:00:00,4.2,3.2,-2.9,59.81,0,0,,0,0,,5,294,1005.7,42.1,16,0,
nyc,nyc,"New York, NY, United States",2021-01-18T04:00:00,4,0.9,-3.2,59.4,0,0,,0,0,31.7,13.1,234,1005.5,32.3,16,0,
nyc,nyc,"New York, NY, United States",2021-01-18T05:00:00,4,1.2,-2.9,60.78,0,0,,0,0,33.5,11.4,256,1005.5,19.2,16,0,
nyc,nyc,"New York, NY, United States",2021-01-18T06:00:00,3.6,0.3,-3.3,60.53,0,0,,0,0,,13.6,234,1005.4,25.4,16,0,
nyc,nyc,"New York, NY, United States",2021-01-18T07:00:00,3.5,0.1,-2.8,63.6,0,0,,0,0,,13.4,253,1005.7,10.5,16,0,
nyc,nyc,"New York, NY, United States",2021-01-18T08:00:00,3.5,-0.1,-2.8,63.6,0,0,,0,0,,14.8,236,1005.9,10.5,16,0,
nyc,nyc,"New York, NY, United States",2021-01-18T09:00:00,4.3,0.5,-2.1,63.17,0,0,,0,0,25.9,17.3,234,1006.7,14.1,16,1,
nyc,nyc,"New York, NY, United States",2021-01-18T10:00:00,4.8,1.2,-2.2,60.24,0,0,,0,0,35.3,17.5,261,1007.2,30.7,16,3,
nyc,nyc,"New York, NY, United States",2021-01-18T11:00:00,6.1,3.1,-2.9,52.35,0,0,,0,0,33.3,15.4,262,1006.8,14.1,16,4,
nyc,nyc,"New York, NY, United States",2021-01-18T12:00:00,7.1,3.9,-3.4,47,0,0,,0,0,31.6,19.2,272,1006,95.7,16,4,
nyc,nyc,"New York, NY, United States",2021-01-18T13:00:00,6.7,3.2,-4.2,45.9,0,0,,0,0,31.7,19.8,279,1005.3,95.7,16,2,
nyc,nyc,"New York, NY, United States",2021-01-18T14:00:00,6.7,3,-4.8,43.74,0,0,,0,0,36,21.7,282,1005.6,88.9,16,5,
nyc,nyc,"New York, NY, United States",2021-01-18T15:00:00,7,3.5,-4.9,42.34,0,0,,0,0,35.2,21.9,282,1006,75,16,3,
nyc,nyc,"New York, NY, United States",2021-01-18T16:00:00,7,4,-5.1,41.91,0,0,,0,0,37.7,16.4,281,1007,73.9,16,1,
nyc,nyc,"New York, NY, United States",2021-01-18T17:00:00,6,2.5,-5,45.14,0,0,,0,0,30.6,18.4,270,1008.2,35.9,16,0,
nyc,nyc,"New York, NY, United States",2021-01-18T18:00:00,5.8,2.5,-4.2,48.56,0,0,,0,0,,16.4,295,1009.7,80.1,16,0,
nyc,nyc,"New York, NY, United States",2021-01-18T19:00:00,5.3,1.9,-2.9,55.65,0,0,,0,0,,15.9,292,1010.6,95.7,16,0,
nyc,nyc,"New York, NY, United States",2021-01-18T20:00:00,4.6,1.3,-3.5,55.84,0,0,,0,0,40.7,14.8,281,1011.5,56.2,16,0,
nyc,nyc,"New York, NY, United States",2021-01-18T21:00:00,4.1,0.8,-3,60.04,0,0,,0,0,33.5,13.9,281,1012.1,50,16,0,
nyc,nyc,"New York, NY, United States",2021-01-18T22:00:00,3.9,0.4,-3,60.71,0,0,,0,0,,15.2,281,1012.9,10.5,16,0,
nyc,nyc,"New York, NY, United States",2021-01-18T23:00:00,3.6,0.7,-3,62.04,0,0,,0,0,,11.6,246,1013.5,85.9,16,0,
nyc,nyc,"New York, NY, United States",2021-01-19T00:00:00,3,-1,-4.3,58.49,0,0,,0,0,25.9,16.6,249,1013.9,70.3,16,0,
nyc,nyc,"New York, NY, United States",2021-01-19T01:00:00,2.4,-1.3,-4.6,59.86,0,0,,0,0,,14.1,252,1014.3,20.3,16,0,
nyc,nyc,"New York, NY, United States",2021-01-19T02:00:00,2,-1.4,-5,59.82,0,0,,0,0,,12.2,262,1014.7,25.4,16,0,
nyc,nyc,"New York, NY, United States",2021-01-19T03:00:00,2,-1.3,-4.5,62.17,0,0,,0,0,,11.7,265,1014.9,88.9,16,0,
nyc,nyc,"New York, NY, United States",2021-01-19T04:00:00,2.1,-1.3,-4.5,61.78,0,0,,0,0,,12,262,1015.3,65,16,0,
nyc,nyc,"New York, NY, United States",2021-01-19T05:00:00,2.3,-1.2,-4.5,60.82,0,0,,0,0,35.3,13,262,1015.8,95.7,16,0,
nyc,nyc,"New York, NY, United States",2021-01-19T06:00:00,1.9,-2,-4.5,62.52,0,0,,0,0,29.7,14.8,244,1016.7,89.5,16,0,
nyc,nyc,"New York, NY, United States",2021-01-19T07:00:00,1.9,-1.5,-4.4,62.9,0,0,,0,0,37.1,12.2,248,1017.2,50.8,16,0,
nyc,nyc,"New York, NY, United States",2021-01-19T08:00:00,1.9,-1.9,-4,65.09,0,0,,0,0,,14.5,248,1017.7,89.5,16,0,
nyc,nyc,"New York, NY, United States",2021-01-19T09:00:00,2.6,-1.9,-4.6,58.97,0,0,,0,0,36.7,19.3,244,1017.9,14.1,16,1,
nyc,nyc,"New York, NY, United States",2021-01-19T10:00:00,3.7,-0.3,-6.3,48.03,0,0,,0,0,46.5,17.5,270,1018.1,65.2,16,3,
nyc,nyc,"New York, NY, United States",2021-01-19T11:00:00,4.7,1.4,-7,42.57,0,0,,0,0,37.9,14.8,275,1018,87,16,4,
nyc,nyc,"New York, NY, United States",2021-01-19T12:00:00,4.8,1.3,-7.5,40.52,0,0,,0,0,33,16.8,293,1017.1,88.9,16,4,
nyc,nyc,"New York, NY, United States",2021-01-19T13:00:00,6,2.6,-7.2,38.14,0,0,,0,0,32.4,17.2,288,1016.3,95.7,16,2,
nyc,nyc,"New York, NY, United States",2021-01-19T14:00:00,4.7,0.9,-5.7,47.02,0,0,,0,0,38.2,18.3,262,1016.6,100,16,2,
nyc,nyc,"New York, NY, United States",2021-01-19T15:00:00,4.9,0.2,-5.8,45.86,0,0,,0,0,42.8,26.5,242,1016.9,88.9,16,2,
nyc,nyc,"New York, NY, United States",2021-01-19T16:00:00,4.8,0.6,-5.8,46.45,0,0,,0,0,49.9,21.5,275,1017.5,82.6,16,1,
nyc,nyc,"New York, NY, United States",2021-01-19T17:00:00,4.1,0,-5,51.34,0,0,,0,0,35.4,19.6,275,1018.3,19.2,16,0,
nyc,nyc,"New York, NY, United States",2021-01-19T18:00:00,4,1,-4.4,54.14,0,0,,0,0,,12.6,254,1018.7,10.5,16,0,
nyc,nyc,"New York, NY, United States",2021-01-19T19:00:00,3.5,0.8,-4.5,55.71,0,0,,0,0,,10.5,252,1018.8,15.6,16,0,
nyc,nyc,"New York, NY, United States",2021-01-19T20:00:00,3.5,3.5,-4.9,54.03,0,0,,0,0,,4.2,306,1019.2,10.5,16,0,
nyc,nyc,"New York, NY, United States",2021-01-19T21:00:00,3.5,1.5,-5,53.44,0,0,,0,0,,7.9,246,1018.8,10.5,16,0,
nyc,nyc,"New York, NY, United States",2021-01-19T22:00:00,3.6,1,-6.3,48.25,0,0,,0,0,,10.2,243,1018.3,10.5,16,0,
nyc,nyc,"New York, NY, United States",2021-01-19T23:00:00,3.1,1.3,-6.7,48.5,0,0,,0,0,,6.8,311,1017.9,10.5,16,0,
nyc,nyc,"New York, NY, United States",2021-01-20T00:00:00,3.3,-0.2,-7.1,46.38,0,0,,0,0,,14,273,1017,10.5,16,0,
nyc,nyc,"New York, NY, United States",2021-01-20T01:00:00,3.2,0.4,-7.1,47.01,0,0,,0,0,37.1,10.6,243,1016.1,97.5,16,0,
nyc,nyc,"New York, NY, United States",2021-01-20T02:00:00,3.2,1.9,-7.1,46.88,0,0,,0,0,,5.5,250,1015.1,100,16,0,
nyc,nyc,"New York, NY, United States",2021-01-20T03:00:00,3.1,0.1,-7.2,46.72,0,0,,0,0,,11.5,218,1014.1,100,16,0,
nyc,nyc,"New York, NY, United States",2021-01-20T04:00:00,3.5,1.6,-7.1,45.72,0,0,,0,0,,7.3,206,1012.8,100,16,0,
nyc,nyc,"New York, NY, United States",2021-01-20T05:00:00,3.6,1.9,-6.8,46.5,0,0,,0,0,,6.6,246,1011.8,100,16,0,
nyc,nyc,"New York, NY, United States",2021-01-20T06:00:00,2.8,2.8,-6.4,50.72,0,0,,0,0,,3.3,323,1011.3,100,16,0,
nyc,nyc,"New York, NY, United States",2021-01-20T07:00:00,2.9,-0.2,-5.6,53.62,0,0,,0,0,31.7,12,281,1012,100,14.4,0,
nyc,nyc,"New York, NY, United States",2021-01-20T08:00:00,0.7,-1.4,-1.4,86.25,0.47,100,"rain,snow",0,0,,6.5,218,1011.7,98.2,4.4,0,
nyc,nyc,"New York, NY, United States",2021-01-20T09:00:00,1.3,-1,-1.3,82.98,0,0,,0,0,,7.5,289,1011.9,65,13.8,1,
nyc,nyc,"New York, NY, United States",2021-01-20T10:00:00,2.3,-1.4,-1,79.19,0,0,,0,0,,13.8,274,1011.9,27.9,13.8,2,
nyc,nyc,"New York, NY, United States",2021-01-20T11:00:00,3.5,-1.2,-3.4,60.49,0,0,,0,0,43.2,23.3,304,1012,88.9,16,4,
nyc,nyc,"New York, NY, United States",2021-01-20T12:00:00,4.1,-0.2,-5.7,48.97,0,0,,0,0,40.5,21.4,294,1011.6,73.9,16,4,
nyc,nyc,"New York, NY, United States",2021-01-20T13:00:00,3.7,-0.7,-7.6,43.44,0,0,,0,0,44.5,20.7,310,1011.7,65,16,5,
nyc,nyc,"New York, NY, United States",2021-01-20T14:00:00,3.2,-2.1,-9.9,37.75,0,0,,0,0,48.2,27.9,292,1012.5,89.5,16,2,
nyc,nyc,"New York, NY, United States",2021-01-20T15:00:00,3.2,-1.3,-11.2,34.05,0,0,,0,0,48.6,20.7,304,1013.6,82.6,16,2,
nyc,nyc,"New York, NY, United States",2021-01-20T16:00:00,2.2,-3.5,-11.1,36.79,0,0,,0,0,45.8,28.4,303,1015,25.4,16,1,
nyc,nyc,"New York, NY, United States",2021-01-20T17:00:00,0.9,-4.5,-9.3,46.36,0,0,,0,0,43.5,22.8,305,1016.1,42.1,15.6,0,
nyc,nyc,"New York, NY, United States",2021-01-20T18:00:00,0.4,-4.7,-11.4,40.94,0,0,,0,0,34.9,19.5,305,1016.6,27.9,16,0,
nyc,nyc,"New York, NY, United States",2021-01-20T19:00:00,-0.4,-5.7,-12.2,40.46,0,0,,0,0,38.1,19.9,325,1017.3,35.9,16,0,
nyc,nyc,"New York, NY, United States",2021-01-20T20:00:00,-0.9,-6.3,-13.3,38.34,0,0,,0,0,29.9,19.4,307,1017.6,19.2,16,0,
nyc,nyc,"New York, NY, United States",2021-01-20T21:00:00,-1.5,-5.2,-13,41.47,0,0,,0,0,,10.3,342,1017.3,19.2,16,0,
nyc,nyc,"New York, NY, United States",2021-01-20T22:00:00,-1.9,-7.3,-13.1,42.17,0,0,,0,0,,17.7,305,1018.1,14.1,16,0,
nyc,nyc,"New York, NY, United States",2021-01-20T23:00:00,-2.5,-6.5,-12.7,45.61,0,0,,0,0,,10.4,326,1017.4,27.9,16,0,
nyc,nyc,"New York, NY, United States",2021-01-21T00:00:00,-2.5,-6.2,-12.5,46.14,0,0,,0,0,,9.7,310,1017.9,34.2,16,0,
nyc,nyc,"New York, NY, United States",2021-01-21T01:00:00,-2.6,-5.3,-12.5,46.72,0,0,,0,0,,6.6,328,1017.2,35.9,16,0,
nyc,nyc,"New York, NY, United States",2021-01-21T02:00:00,-2.9,-2.9,-12.1,49.34,0,0,,0,0,,1.7,353,1016.1,19.2,16,0,
nyc,nyc,"New York, NY, United States",2021-01-21T03:00:00,-2.7,-2.7,-12.2,48.07,0,0,,0,0,,0,0,1015.3,15.6,16,0,
nyc,nyc,"New York, NY, United States",2021-01-21T04:00:00,-2.7,-2.7,-11.4,51.41,0,0,,0,0,,0,0,1014.5,6.1,16,0,
nyc,nyc,"New York, NY, United States",2021-01-21T05:00:00,-2.8,-2.8,-11.2,52.55,0,0,,0,0,,4.1,23,1012.8,6.1,16,0,
nyc,nyc,"New York, NY, United States",2021-01-21T06:00:00,-2.3,-5.7,-10.2,54.89,0,0,,0,0,,8.8,206,1012.7,10.5,16,0,
nyc,nyc,"New York, NY, United States",2021-01-21T07:00:00,-2.2,-2.2,-9.8,55.9,0,0,,0,0,,4.6,278,1011.4,7.2,16,0,
nyc,nyc,"New York, NY, United States",2021-01-21T08:00:00,-1.7,-6.7,-9.5,55.48,0,0,,0,0,33.5,16.1,215,1011.4,65,16,0,
nyc,nyc,"New York, NY, United States",2021-01-21T09:00:00,-1.1,-6.7,-10,50.81,0,0,,0,0,,21,218,1011.1,95.7,16,1,
nyc,nyc,"New York, NY, United States",2021-01-21T10:00:00,0.1,-4.3,-10.4,45.06,0,0,,0,0,32.6,15.2,225,1009.8,58.7,16,2,
nyc,nyc,"New York, NY, United States",2021-01-21T11:00:00,1.2,-3.3,-7.9,50.45,0,0,,0,0,37.1,17.5,229,1008.5,88.9,16,3,
nyc,nyc,"New York, NY, United States",2021-01-21T12:00:00,3.3,-0.4,-7.7,44.36,0,0,,0,0,38.9,15.3,232,1007.3,34.2,16,5,
nyc,nyc,"New York, NY, United States",2021-01-21T13:00:00,4.3,0,-7.7,41.41,0,0,,0,0,36.2,21.3,224,1005.1,88.9,16,4,
nyc,nyc,"New York, NY, United States",2021-01-21T14:00:00,5,2,-7.6,39.54,0,0,,0,0,28.8,13.8,244,1003.9,34.2,16,2,
nyc,nyc,"New York, NY, United States",2021-01-21T15:00:00,5.9,3.1,-6.7,40.02,0,0,,0,0,,13.5,243,1003.3,31,16,1,
nyc,nyc,"New York, NY, United States",2021-01-21T16:00:00,5.9,3.9,-6.2,41.61,0,0,,0,0,,9.4,254,1003.2,19.2,16,1,
nyc,nyc,"New York, NY, United States",2021-01-21T17:00:00,5.4,3.2,-5.8,44.5,0,0,,0,0,,9.8,264,1003.4,15.6,16,0,
nyc,nyc,"New York, NY, United States",2021-01-21T18:00:00,4.8,3,-5.5,47.25,0,0,,0,0,,7.5,231,1003.5,10.5,16,0,
nyc,nyc,"New York, NY, United States",2021-01-21T19:00:00,4.6,4.6,-5.5,47.88,0,0,,0,0,,2.1,3,1003.7,10.5,16,0,
nyc,nyc,"New York, NY, United States",2021-01-21T20:00:00,3.8,3.8,-5.2,51.78,0,0,,0,0,,2.9,79,1003.4,10.5,16,0,
nyc,nyc,"New York, NY, United States",2021-01-21T21:00:00,3.7,3.7,-4.9,53.44,0,0,,0,0,,2.1,9,1003.3,4.4,16,0,
nyc,nyc,"New York, NY, United States",2021-01-21T22:00:00,3.7,2.1,-4.3,55.69,0,0,,0,0,,6.3,229,1003.3,4.4,16,0,
nyc,nyc,"New York, NY, United States",2021-01-21T23:00:00,4,2.1,-3.9,56.67,0,0,,0,0,,7.6,196,1003,89.5,16,0,
nyc,nyc,"New York, NY, United States",2021-01-22T00:00:00,4.8,1.8,-4.6,50.7,0,0,,0,0,,12.9,225,1002.4,98.2,16,0,
nyc,nyc,"New York, NY, United States",2021-01-22T01:00:00,4.9,1.7,-4.7,49.85,0,0,,0,0,,14.9,234,1002,95.7,16,0,
nyc,nyc,"New York, NY, United States",2021-01-22T02:00:00,3.9,0.4,-5.3,51.3,0,0,,0,0,46.4,14.9,243,1002.2,10.5,16,0,
nyc,nyc,"New York, NY, United States",2021-01-22T03:00:00,4.1,1.3,-5,51.5,0,0,,0,0,40.7,11.7,252,1002.4,87,16,0,
nyc,nyc,"New York, NY, United States",2021-01-22T04:00:00,4.1,1.7,-5,51.19,0,0,,0,0,35.3,9.8,250,1002.6,8,16,0,
nyc,nyc,"New York, NY, United States",2021-01-22T05:00:00,4.1,0.5,-5,51.66,0,0,,0,0,,15.7,254,1002.8,4.4,16,0,
nyc,nyc,"New York, NY, United States",2021-01-22T06:00:00,4,1.4,-5,51.95,0,0,,0,0,,10.5,256,1003.5,10.5,16,0,
nyc,nyc,"New York, NY, United States",2021-01-22T07:00:00,3.9,1.6,-4.6,53.9,0,0,,0,0,,9.1,252,1004,73.9,16,0,
nyc,nyc,"New York, NY, United States",2021-01-22T08:00:00,3.9,0.7,-4.9,52.62,0,0,,0,0,33.5,13.6,252,1004.4,73.9,16,0,
nyc,nyc,"New York, NY, United States",2021-01-22T09:00:00,4.9,1.2,-4.6,50.15,0,0,,0,0,,18.2,252,1005.2,95.7,16,1,
nyc,nyc,"New York, NY, United States",2021-01-22T10:00:00,5.9,3.1,-6.3,41.25,0,0,,0,0,37.1,13.7,250,1005.8,95.7,16,2,
nyc,nyc,"New York, NY, United States",2021-01-22T11:00:00,6.4,2.8,-6.7,38.69,0,0,,0,0,30.7,20.5,272,1006.1,95.7,16,2,
nyc,nyc,"New York, NY, United States",2021-01-22T12:00:00,6.7,3.6,-7.3,36.05,0,0,,0,0,34.2,16.8,266,1005.4,95.7,16,3,
nyc,nyc,"New York, NY, United States",2021-01-22T13:00:00,6.6,3.3,-7.2,36.71,0,0,,0,0,39.8,17.9,272,1005.4,95.7,16,2,
nyc,nyc,"New York, NY, United States",2021-01-22T14:00:00,6.4,3.1,-6.7,38.64,0,0,,0,0,35.6,17.9,292,1006,95.7,16,1,
nyc,nyc,"New York, NY, United States",2021-01-22T15:00:00,6.5,3.4,-7.1,37.1,0,0,,0,0,31.7,16.5,290,1006.4,88.9,16,1,
nyc,nyc,"New York, NY, United States",2021-01-22T16:00:00,7,3.7,-8.1,33.31,0,0,,0,0,32,19,281,1007,95.7,16,1,
nyc,nyc,"New York, NY, United States",2021-01-22T17:00:00,6.4,3.1,-7.8,35.52,0,0,,0,0,37.1,18.1,285,1007.7,88.9,16,0,
nyc,nyc,"New York, NY, United States",2021-01-22T18:00:00,5.9,1.8,-7.1,38.87,0,0,,0,0,46,23.7,268,1008.8,37,16,0,
nyc,nyc,"New York, NY, United States",2021-01-22T19:00:00,5.1,1,-5.4,46.33,0,0,,0,0,38.7,22.5,291,1009.8,75,16,0,
nyc,nyc,"New York, NY, United States",2021-01-22T20:00:00,3.9,-0.4,-4.9,52.49,0,0,,0,0,36.9,21.4,299,1010.6,73.9,16,0,
nyc,nyc,"New York, NY, United States",2021-01-22T21:00:00,3.4,-0.8,-4.8,55.01,0,0,,0,0,29.5,18.7,297,1011.1,50,16,0,
nyc,nyc,"New York, NY, United States",2021-01-22T22:00:00,2.5,-0.6,-5.9,53.95,0,0,,0,0,,11.2,298,1011.6,56.2,16,0,
nyc,nyc,"New York, NY, United States",2021-01-22T23:00:00,2.5,-1.3,-6.5,51.58,0,0,,0,0,,14.6,312,1011.9,95.7,16,0,
nyc,nyc,"New York, NY, United States",2021-01-23T00:00:00,2.5,-1,-7.9,46.26,0,0,,0,0,,13.2,312,1011.9,95.7,16,0,
nyc,nyc,"New York, NY, United States",2021-01-23T01:00:00,2,-2.6,-9.5,42.33,0,0,,0,0,39.2,19,295,1012.2,100,16,0,
nyc,nyc,"New York, NY, United States",2021-01-23T02:00:00,1.4,-3.1,-10.6,40.4,0,0,,0,0,37.7,17.4,308,1013,98.2,16,0,
nyc,nyc,"New York, NY, United States",2021-01-23T03:00:00,0.4,-4.6,-12.4,37.65,0,0,,0,0,39.6,19.1,298,1013.7,98.2,16,0,
nyc,nyc,"New York, NY, United States",2021-01-23T04:00:00,-0.2,-5.6,-14,34.78,0,0,,0,0,40,20.6,298,1013.8,56.2,16,0,
nyc,nyc,"New York, NY, United States",2021-01-23T05:00:00,-0.7,-6.3,-13.3,38.16,0,0,,0,0,28.6,21,301,1014.3,25.4,16,0,
nyc,nyc,"New York, NY, United States",2021-01-23T06:00:00,-1.4,-6.7,-14.3,36.81,0,0,,0,0,45.7,17.8,298,1015.2,65,16,0,
nyc,nyc,"New York, NY, United States",2021-01-23T07:00:00,-1.5,-7,-14.1,37.56,0,0,,0,0,48.1,19.4,296,1015.9,95.7,16,0,
nyc,nyc,"New York, NY, United States",2021-01-23T08:00:00,-1.8,-8.2,-14.3,37.87,0,0,,0,0,39.1,24.7,295,1016.2,35.9,16,0,
nyc,nyc,"New York, NY, United States",2021-01-23T09:00:00,-1.7,-7.7,-14,38.65,0,0,,0,0,41.9,21.8,301,1016.8,15.6,16,1,
nyc,nyc,"New York, NY, United States",2021-01-23T10:00:00,-1.7,-8.3,-14,38.42,0,0,,0,0,48.7,27.3,305,1017.6,10.5,16,3,
nyc,nyc,"New York, NY, United States",2021-01-23T11:00:00,-0.7,-7.2,-13.4,37.42,0,0,,0,0,42.4,28.7,308,1017.8,46.4,16,5,
nyc,nyc,"New York, NY, United States",2021-01-23T12:00:00,-0.4,-6.6,-13.6,36.19,0,0,,0,0,50.6,26.2,291,1017.4,89.5,16,4,
nyc,nyc,"New York, NY, United States",2021-01-23T13:00:00,-0.3,-6.2,-12.9,37.98,0,0,,0,0,48.2,24.2,301,1017.3,88.9,16,4,
nyc,nyc,"New York, NY, United States",2021-01-23T14:00:00,-0.2,-6.1,-14.8,32.24,0,0,,0,0,54.7,25,302,1017.3,19.2,16,4,
nyc,nyc,"New York, NY, United States",2021-01-23T15:00:00,0,-6.4,-15,31.41,0,0,,0,0,50.3,28.7,294,1017.6,15.6,16,3,
nyc,nyc,"New York, NY, United States",2021-01-23T16:00:00,-0.6,-7.4,-16,30.15,0,0,,0,0,53,31.8,306,1017.9,10.5,16,2,
nyc,nyc,"New York, NY, United States",2021-01-23T17:00:00,-0.9,-7.6,-15.9,31.09,0,0,,0,0,49.3,30.1,304,1018.7,10.5,16,0,
nyc,nyc,"New York, NY, United States",2021-01-23T18:00:00,-1.4,-7.5,-15.9,32.33,0,0,,0,0,46.6,23.2,289,1019.8,6.1,16,0,
nyc,nyc,"New York, NY, United States",2021-01-23T19:00:00,-1.9,-8.5,-15.4,34.86,0,0,,0,0,45.3,25.8,312,1020.6,0,16,0,
nyc,nyc,"New York, NY, United States",2021-01-23T20:00:00,-2.9,-9.3,-14.4,40.82,0,0,,0,0,47.8,22.6,298,1021.3,0,16,0,
nyc,nyc,"New York, NY, United States",2021-01-23T21:00:00,-3.5,-11,-14.3,42.79,0,0,,0,0,48.3,30.2,302,1021.6,0,16,0,
nyc,nyc,"New York, NY, United States",2021-01-23T22:00:00,-4,-11.6,-13.9,46.03,0,0,,0,0,42.5,29.1,318,1021.5,10.5,16,0,
nyc,nyc,"New York, NY, United States",2021-01-23T23:00:00,-4,-9.9,-13.5,47.76,0,0,,0,0,32.2,18,302,1021.4,6.1,16,0,
nyc,nyc,"New York, NY, United States",2021-01-24T00:00:00,-3.7,-10,-13.9,45.22,0,0,,0,0,44.9,20.7,304,1020.9,4.4,16,0,
nyc,nyc,"New York, NY, United States",2021-01-24T01:00:00,-4,-11.1,-13.9,46.27,0,0,,0,0,39.8,25.2,302,1021.2,10.5,16,0,
nyc,nyc,"New York, NY, United States",2021-01-24T02:00:00,-4,-11.3,-13.7,46.89,0,0,,0,0,41.8,26.7,304,1021.4,27.1,16,0,
nyc,nyc,"New York, NY, United States",2021-01-24T03:00:00,-4,-10.9,-14,45.61,0,0,,0,0,39.3,23.8,298,1021.2,14.1,16,0,
nyc,nyc,"New York, NY, United States",2021-01-24T04:00:00,-4,-10.5,-13.9,46.03,0,0,,0,0,41.9,21.1,310,1021.3,10.5,16,0,
nyc,nyc,"New York, NY, United States",2021-01-24T05:00:00,-4.1,-10.7,-14.2,45.34,0,0,,0,0,37.3,21.9,302,1021.6,10.5,16,0,
nyc,nyc,"New York, NY, United States",2021-01-24T06:00:00,-4.6,-11.2,-14.2,47.11,0,0,,0,0,50.8,20.7,300,1022.1,6.1,16,0,
nyc,nyc,"New York, NY, United States",2021-01-24T07:00:00,-5.2,-12.4,-15.6,43.92,0,0,,0,0,39.7,23.3,302,1022.7,10.5,16,0,
nyc,nyc,"New York, NY, United States",2021-01-24T08:00:00,-5.4,-12.9,-15.7,43.88,0,0,,0,0,43.3,25.6,305,1022.9,10.5,16,0,
nyc,nyc,"New York, NY, United States",2021-01-24T09:00:00,-5,-12.2,-15.9,42.14,0,0,,0,0,46.8,23.7,306,1022.7,10.5,16,1,
nyc,nyc,"New York, NY, United States",2021-01-24T10:00:00,-3.9,-10.5,-16.1,38.45,0,0,,0,0,36.1,21.7,304,1022.7,19.2,16,3,
nyc,nyc,"New York, NY, United States",2021-01-24T11:00:00,-2.8,-10.3,-15.6,36.49,0,0,,0,0,44.6,31.8,312,1022.2,19.2,16,5,
nyc,nyc,"New York, NY, United States",2021-01-24T12:00:00,-1.9,-8.1,-15.8,33.61,0,0,,0,0,39.5,23.6,288,1020.9,19.2,16,5,
nyc,nyc,"New York, NY, United States",2021-01-24T13:00:00,-1,-7.3,-15.7,31.76,0,0,,0,0,44.2,25.9,304,1019.9,25.4,16,5,
nyc,nyc,"New York, NY, United States",2021-01-24T14:00:00,-0.6,-6.6,-15.7,30.82,0,0,,0,0,38.7,24.3,312,1019.8,34.2,16,3,
nyc,nyc,"New York, NY, United States",2021-01-24T15:00:00,0.3,-4.6,-16.2,27.88,0,0,,0,0,35.9,18.2,308,1019.8,25.4,16,2,
nyc,nyc,"New York, NY, United States",2021-01-24T16:00:00,0.4,-4,-16.1,27.83,0,0,,0,0,33.4,15.2,316,1019.6,34.2,16,1,
nyc,nyc,"New York, NY, United States",2021-01-24T17:00:00,-0.3,-4.6,-15.6,30.33,0,0,,0,0,32.7,14.6,308,1019.9,25.4,16,0,
nyc,nyc,"New York, NY, United States",2021-01-24T18:00:00,-0.3,-5.4,-15.2,31.31,0,0,,0,0,34.6,18.9,292,1020.4,65,16,0,
nyc,nyc,"New York, NY, United States",2021-01-24T19:00:00,-0.7,-5.9,-14.9,33.42,0,0,,0,0,29.1,18.5,294,1020.5,88.9,16,0,
nyc,nyc,"New York, NY, United States",2021-01-24T20:00:00,-1.2,-5.8,-14.1,36.83,0,0,,0,0,34.9,14.4,307,1020.5,90.6,16,0,
nyc,nyc,"New York, NY, United States",2021-01-24T21:00:00,-1.7,-6.3,-13.9,38.67,0,0,,0,0,,14.4,295,1020.4,52.6,16,0,
nyc,nyc,"New York, NY, United States",2021-01-24T22:00:00,-1.8,-7.1,-14.1,38.61,0,0,,0,0,29.5,17.1,305,1020.5,65,16,0,
nyc,nyc,"New York, NY, United States",2021-01-24T23:00:00,-2.4,-7.6,-13.5,42.49,0,0,,0,0,,16.3,309,1020.1,34.2,16,0,
nyc,nyc,"New York, NY, United States",2021-01-25T00:00:00,-2.8,-8.8,-13.4,44.21,0,0,,0,0,29.5,20,302,1020.1,42.1,16,0,
nyc,nyc,"New York, NY, United States",2021-01-25T01:00:00,-3,-7.9,-13,45.75,0,0,,0,0,29.5,14.4,300,1020,97.5,16,0,
nyc,nyc,"New York, NY, United States",2021-01-25T02:00:00,-3.3,-9.3,-13.5,45.32,0,0,,0,0,,19.4,302,1019.8,88.9,16,0,
nyc,nyc,"New York, NY, United States",2021-01-25T03:00:00,-3.4,-8.6,-13.2,46.67,0,0,,0,0,,15.2,308,1019.9,95.7,16,0,
nyc,nyc,"New York, NY, United States",2021-01-25T04:00:00,-3.6,-8.9,-13.1,47.7,0,0,,0,0,,15.2,310,1020,95.7,16,0,
nyc,nyc,"New York, NY, United States",2021-01-25T05:00:00,-4,-9.5,-13,49.46,0,0,,0,0,,16,311,1019.8,19.2,16,0,
nyc,nyc,"New York, NY, United States",2021-01-25T06:00:00,-4.5,-9.3,-13,51.75,0,0,,0,0,,12.1,304,1020.4,15.6,16,0,
nyc,nyc,"New York, NY, United States",2021-01-25T07:00:00,-4.5,-8.6,-12.5,53.54,0,0,,0,0,,9.8,296,1020.9,14.1,16,0,
nyc,nyc,"New York, NY, United States",2021-01-25T08:00:00,-4.4,-4.4,-12.6,52.74,0,0,,0,0,,4.5,346,1020.9,27.9,16,0,
nyc,nyc,"New York, NY, United States",2021-01-25T09:00:00,-3.6,-7.3,-12.5,50.13,0,0,,0,0,,8.8,314,1021.1,34.2,16,1,
nyc,nyc,"New York, NY, United States",2021-01-25T10:00:00,-2.3,-5.5,-12.4,46.12,0,0,,0,0,,8.1,347,1020.9,34.2,16,3,
nyc,nyc,"New York, NY, United States",2021-01-25T11:00:00,-0.7,-3.5,-12.9,39.36,0,0,,0,0,,7.7,350,1020,34.2,16,4,
nyc,nyc,"New York, NY, United States",2021-01-25T12:00:00,1.1,1.1,-12.7,34.89,0,0,,0,0,,3.3,354,1019.2,34.2,16,5,
nyc,nyc,"New York, NY, United States",2021-01-25T13:00:00,1.8,-0.2,-12.4,34.05,0,0,,0,0,,6.9,300,1018.4,34.2,16,5,
nyc,nyc,"New York, NY, United States",2021-01-25T14:00:00,2.8,0.3,-11.6,33.88,0,0,,0,0,,8.9,299,1017.9,34.2,16,3,
nyc,nyc,"New York, NY, United States",2021-01-25T15:00:00,3.4,1.1,-11,34.08,0,0,,0,0,,8.8,315,1018.4,35.9,16,2,
nyc,nyc,"New York, NY, United States",2021-01-25T16:00:00,3.1,0.9,-10.5,35.95,0,0,,0,0,,8.3,14,1018.4,35.9,16,1,
nyc,nyc,"New York, NY, United States",2021-01-25T17:00:00,2.1,2.1,-10.8,37.91,0,0,,0,0,,3.3,21,1018.5,38.4,16,0,
nyc,nyc,"New York, NY, United States",2021-01-25T18:00:00,1.9,-0.4,-10.4,39.6,0,0,,0,0,,7.7,42,1018.7,35.9,16,0,
nyc,nyc,"New York, NY, United States",2021-01-25T19:00:00,1.7,-0.6,-9.9,41.75,0,0,,0,0,,7.6,32,1018.7,35.9,16,0,
nyc,nyc,"New York, NY, United States",2021-01-25T20:00:00,1.3,-1.5,-9.8,43.54,0,0,,0,0,31.7,8.9,24,1018.7,38.4,16,0,
nyc,nyc,"New York, NY, United States",2021-01-25T21:00:00,1.2,-2.2,-9.9,43.54,0,0,,0,0,,11.6,22,1019.1,38.4,16,0,
nyc,nyc,"New York, NY, United States",2021-01-25T22:00:00,0.8,-2,-9.6,45.62,0,0,,0,0,,8.7,32,1018.7,38.4,16,0,
nyc,nyc,"New York, NY, United States",2021-01-25T23:00:00,0.7,-2.5,-10.6,42.59,0,0,,0,0,,10.2,31,1019,21.8,16,0,
nyc,nyc,"New York, NY, United States",2021-01-26T00:00:00,0.9,-2.6,-11,40.78,0,0,,0,0,,11.5,31,1019.5,38.4,16,0,
nyc,nyc,"New York, NY, United States",2021-01-26T01:00:00,0.7,0.7,-10.3,43.72,0,0,,0,0,,2.9,31,1018.6,100,16,0,
nyc,nyc,"New York, NY, United States",2021-01-26T02:00:00,0.7,-3.4,-9.8,45.63,0,0,,0,0,,13.9,68,1018.2,100,16,0,
nyc,nyc,"New York, NY, United States",2021-01-26T03:00:00,0.7,-2.8,-9.2,47.82,0,0,,0,0,,11.3,52,1017.8,100,16,0,
nyc,nyc,"New York, NY, United States",2021-01-26T04:00:00,0.7,-3.2,-9.2,47.82,0,0,,0,0,,12.8,53,1017.6,100,16,0,
nyc,nyc,"New York, NY, United States",2021-01-26T05:00:00,0.7,-3.6,-9.6,46.32,0,0,,0,0,,15.4,54,1016.9,100,16,0,
nyc,nyc,"New York, NY, United States",2021-01-26T06:00:00,0.1,-3.7,-8.5,52.2,0,0,,0,0,,12.5,49,1016.4,88.9,16,0,
nyc,nyc,"New York, NY, United States",2021-01-26T07:00:00,0.8,-2.5,-8.6,49.46,0,0,,0,0,,11,56,1016.3,100,16,0,
nyc,nyc,"New York, NY, United States",2021-01-26T08:00:00,0.8,-3.3,-7.9,52.16,0,0,,0,0,25.9,14.7,57,1016.6,100,16,0,
nyc,nyc,"New York, NY, United States",2021-01-26T09:00:00,1.4,-2.1,-7.5,51.8,0,0,,0,0,,11.7,76,1016.5,100,16,1,
nyc,nyc,"New York, NY, United States",2021-01-26T10:00:00,1.4,-2.5,-8,49.81,0,0,,0,0,,14.1,74,1016.8,100,16,1,
nyc,nyc,"New York, NY, United States",2021-01-26T11:00:00,1.5,-2.3,-8,49.23,0,0,,0,0,,13.2,82,1016,100,16,1,
nyc,nyc,"New York, NY, United States",2021-01-26T12:00:00,1.3,-3.2,-5.9,59,0.05,100,"rain,snow",0,0,,17,53,1015.3,100,4.2,1,
nyc,nyc,"New York, NY, United States",2021-01-26T13:00:00,0,-4.7,-3.3,78.03,0.52,100,"rain,snow",0,0,,16.9,50,1013.9,100,1.8,1,
nyc,nyc,"New York, NY, United States",2021-01-26T14:00:00,0.1,-4.4,-2.6,81.75,0.52,100,"rain,snow",0,0,,16.1,56,1012.8,100,9.8,1,
nyc,nyc,"New York, NY, United States",2021-01-26T15:00:00,0.8,-3.2,-1.6,84.39,0,0,,0,0,,13.6,66,1012.9,100,3.9,0,
nyc,nyc,"New York, NY, United States",2021-01-26T16:00:00,1,-2.9,-0.7,88.89,0.3,100,"rain,snow",0,0,,13.6,70,1011.4,100,4.2,0,
nyc,nyc,"New York, NY, United States",2021-01-26T17:00:00,1.4,-2.3,0,90.32,0.02,100,"rain,snow",0,0,,12.8,58,1011.8,100,4.8,0,
nyc,nyc,"New York, NY, United States",2021-01-26T18:00:00,1.4,-2.4,0,90.85,0.28,100,"rain,snow",0,0,,13.6,40,1012.1,100,3.6,0,
nyc,nyc,"New York, NY, United States",2021-01-26T19:00:00,1.3,-2.8,0,90.89,0.27,100,"rain,snow",0,0,,14.9,29,1012.3,100,4.2,0,
nyc,nyc,"New York, NY, United States",2021-01-26T20:00:00,1.1,-3.4,-0.2,90.97,0.07,100,"rain,snow",0,0,,17.4,68,1011.3,100,8.4,0,
nyc,nyc,"New York, NY, United States",2021-01-26T21:00:00,1,-2,-0.4,90.3,0,0,,0,0,,9.4,22,1011.4,100,9.6,0,
nyc,nyc,"New York, NY, United States",2021-01-26T22:00:00,1.2,-3.1,-0.5,88.16,0.38,100,"rain,snow",0,0,,15.8,43,1011.4,100,6.3,0,
nyc,nyc,"New York, NY, United States",2021-01-26T23:00:00,1,-2.9,-0.2,92.23,0.25,100,"rain,snow",0,0,,13.5,37,1010.7,100,8.6,0,
nyc,nyc,"New York, NY, United States",2021-01-27T00:00:00,0.9,-1.8,-0.2,92.76,0.18,100,"rain,snow",0,0,,8.4,33,1011.1,100,5.9,0,
nyc,nyc,"New York, NY, United States",2021-01-27T01:00:00,0.9,-0.9,-0.5,90.14,0,0,,0,0,,5.7,7,1010.8,100,8.3,0,
nyc,nyc,"New York, NY, United States",2021-01-27T02:00:00,0.9,0.9,-0.5,90.14,0,0,,0,0,,2.4,11,1011.3,100,8.6,0,
nyc,nyc,"New York, NY, United States",2021-01-27T03:00:00,0.6,-1.1,-1,89.28,0,0,,0,0,,5.5,306,1012,100,9.3,0,
nyc,nyc,"New York, NY, United States",2021-01-27T04:00:00,0.6,-1.5,-0.9,90.17,0,0,,0,0,,6.3,283,1012.2,100,9,0,
nyc,nyc,"New York, NY, United States",2021-01-27T05:00:00,0.6,-2.2,-1.4,86.78,0,0,,0,0,,8.4,301,1012.6,100,10.4,0,
nyc,nyc,"New York, NY, United States",2021-01-27T06:00:00,1,-2.1,-0.9,87.58,0,0,,0,0,,9.9,303,1012.8,100,10.9,0,
nyc,nyc,"New York, NY, United States",2021-01-27T07:00:00,1.1,-1.5,-1.1,85.66,0,0,,0,0,,8,303,1013.7,98.2,12,0,
nyc,nyc,"New York, NY, United States",2021-01-27T08:00:00,1.9,-1,-1.5,78.11,0,0,,0,0,,10,340,1014.5,75.7,15.2,0,
nyc,nyc,"New York, NY, United States",2021-01-27T09:00:00,2.6,-1.6,-3.3,65.06,0,0,,0,0,36.1,17.5,308,1015.2,20.3,16,1,
nyc,nyc,"New York, NY, United States",2021-01-27T10:00:00,2.6,-1.4,-3.6,63.64,0,0,,0,0,36,16,316,1016.5,95.7,16,1,
nyc,nyc,"New York, NY, United States",2021-01-27T11:00:00,2.6,-2.2,-3.9,62.63,0,0,,0,0,29.4,21.8,302,1017.2,98.2,16,2,
nyc,nyc,"New York, NY, United States",2021-01-27T12:00:00,2.6,-1.7,-4.2,60.83,0,0,,0,0,42.5,18,310,1016.4,98.2,16,2,
nyc,nyc,"New York, NY, United States",2021-01-27T13:00:00,2.1,-2.7,-4.6,60.8,0,0,,0,0,33.5,21.1,312,1016.7,100,16,2,
nyc,nyc,"New York, NY, United States",2021-01-27T14:00:00,2.6,-1.6,-4.9,58.05,0,0,,0,0,29.5,17.2,308,1016.7,97.5,16,2,
nyc,nyc,"New York, NY, United States",2021-01-27T15:00:00,2.6,-1.2,-5,57.41,0,0,,0,0,,14.9,334,1017.2,100,16,1,
nyc,nyc,"New York, NY, United States",2021-01-27T16:00:00,2.9,-0.1,-5,56.23,0,0,,0,0,,11,333,1017.3,100,16,1,
nyc,nyc,"New York, NY, United States",2021-01-27T17:00:00,2.5,-0.9,-5.5,55.69,0,0,,0,0,,12.4,298,1018,98.2,16,0,
nyc,nyc,"New York, NY, United States",2021-01-27T18:00:00,2.1,-2.4,-5.5,57.25,0,0,,0,0,,18.9,306,1018.8,98.2,16,0,
nyc,nyc,"New York, NY, United States",2021-01-27T19:00:00,1.5,-2.8,-6.2,56.45,0,0,,0,0,,17,324,1019.2,100,16,0,
nyc,nyc,"New York, NY, United States",2021-01-27T20:00:00,1,-3.6,-6.5,57.15,0,0,,0,0,,17.3,324,1019.5,100,16,0,
nyc,nyc,"New York, NY, United States",2021-01-27T21:00:00,0.9,-3.4,-6.5,57.62,0,0,,0,0,,15.6,336,1019.1,100,16,0,
nyc,nyc,"New York, NY, United States",2021-01-27T22:00:00,0.3,-3.9,-6.6,59.71,0,0,,0,0,,13.9,9,1019,88.9,16,0,
nyc,nyc,"New York, NY, United States",2021-01-27T23:00:00,0.1,-3.2,-7,58.49,0,0,,0,0,,10.3,326,1019.2,34.2,16,0,
nyc,nyc,"New York, NY, United States",2021-01-28T00:00:00,-0.4,-4.6,-7.3,59.68,0,0,,0,0,,13.9,304,1019.1,34.2,16,0,
nyc,nyc,"New York, NY, United States",2021-01-28T01:00:00,-0.7,-4.2,-7.6,59.69,0,0,,0,0,,10,332,1018.5,97.5,16,0,
nyc,nyc,"New York, NY, United States",2021-01-28T02:00:00,-0.9,-3.3,-7.8,59.41,0,0,,0,0,,6.7,351,1018.3,100,16,0,
nyc,nyc,"New York, NY, United States",2021-01-28T03:00:00,-0.9,-4.9,-8.1,58.01,0,0,,0,0,,12.1,340,1018.1,100,16,0,
nyc,nyc,"New York, NY, United States",2021-01-28T04:00:00,-1.3,-5.6,-8.7,57.1,0,0,,0,0,38.9,13.2,340,1016.7,100,16,0,
nyc,nyc,"New York, NY, United States",2021-01-28T05:00:00,-1.3,-5,-8.8,56.64,0,0,,0,0,31.7,10.7,342,1017.3,100,16,0,
nyc,nyc,"New York, NY, United States",2021-01-28T06:00:00,-1.4,-6.2,-9,56.19,0,0,,0,0,,15.1,342,1017.2,100,16,0,
nyc,nyc,"New York, NY, United States",2021-01-28T07:00:00,-1.4,-6.2,-9.3,54.85,0,0,,0,0,40.7,15.2,332,1017.7,97.5,16,0,
nyc,nyc,"New York, NY, United States",2021-01-28T08:00:00,-1.8,-6.9,-9.9,54.18,0,0,,0,0,50,16.5,326,1018.1,95.7,16,0,
nyc,nyc,"New York, NY, United States",2021-01-28T09:00:00,-1.7,-7.6,-9.7,54.35,0,0,,0,0,41.1,21.2,312,1018.4,34.2,16,1,
nyc,nyc,"New York, NY, United States",2021-01-28T10:00:00,-1.2,-7.6,-10.4,49.81,0,0,,0,0,43.9,26.5,312,1018.1,50.8,16,3,
nyc,nyc,"New York, NY, United States",2021-01-28T11:00:00,-0.5,-6,-11,44.93,0,0,,0,0,40.3,21.5,351,1018.1,34.2,16,5,
nyc,nyc,"New York, NY, United States",2021-01-28T12:00:00,-0.3,-5.5,-11.7,41.66,0,0,,0,0,39.4,19.8,329,1017.5,27.9,16,5,
nyc,nyc,"New York, NY, United States",2021-01-28T13:00:00,0,-5.3,-12.7,37.6,0,0,,0,0,42.5,20.8,313,1016.8,24.3,16,5,
nyc,nyc,"New York, NY, United States",2021-01-28T14:00:00,0.8,-4.3,-13,34.72,0,0,,0,0,43,21.3,302,1016.5,10.5,16,4,
nyc,nyc,"New York, NY, United States",2021-01-28T15:00:00,0.5,-5.1,-14,32.8,0,0,,0,0,44.6,23.8,304,1016.9,10.5,16,4,
nyc,nyc,"New York, NY, United States",2021-01-28T16:00:00,-0.1,-6.7,-14.4,33.19,0,0,,0,0,48.7,30.9,308,1017.5,10.5,16,2,
nyc,nyc,"New York, NY, United States",2021-01-28T17:00:00,-1.3,-8,-14.6,35.55,0,0,,0,0,51.9,28.7,295,1018.3,10.5,16,0,
nyc,nyc,"New York, NY, United States",2021-01-28T18:00:00,-2.9,-10.9,-15.1,38.5,0,0,,0,0,57.7,35.8,306,1019.4,6.1,16,0,
nyc,nyc,"New York, NY, United States",2021-01-28T19:00:00,-3.5,-11.2,-15.5,38.97,0,0,,0,0,51.8,31.8,308,1020.6,0,16,0,
nyc,nyc,"New York, NY, United States",2021-01-28T20:00:00,-4.5,-12.8,-17.4,35.8,0,0,,0,0,50.1,34.4,310,1020.9,0,16,0,
nyc,nyc,"New York, NY, United States",2021-01-28T21:00:00,-5.9,-14.5,-16.9,41.66,0,0,,0,0,57.8,33.2,310,1021.4,0,16,0,
nyc,nyc,"New York, NY, United States",2021-01-28T22:00:00,-5.9,-14,-16.1,44.26,0,0,,0,0,52.2,29,310,1021.1,10.5,16,0,
nyc,nyc,"New York, NY, United States",2021-01-28T23:00:00,-6.2,-14.5,-15.8,46.48,0,0,,0,0,51.1,29.3,308,1020.7,14.1,16,0,
nyc,nyc,"New York, NY, United States",2021-01-29T00:00:00,-5.9,-12.7,-15.3,47.32,0,0,,0,0,52.3,20.3,302,1020.4,14.1,16,0,
nyc,nyc,"New York, NY, United States",2021-01-29T01:00:00,-6,-13.8,-15.8,45.68,0,0,,0,0,43.3,26.7,300,1019.8,44.9,16,0,
nyc,nyc,"New York, NY, United States",2021-01-29T02:00:00,-6.3,-13.2,-16.3,45.03,0,0,,0,0,32,20.1,301,1019.1,10.5,16,0,
nyc,nyc,"New York, NY, United States",2021-01-29T03:00:00,-6.3,-12.5,-16,46.2,0,0,,0,0,31.2,16.8,286,1018.9,4.4,16,0,
nyc,nyc,"New York, NY, United States",2021-01-29T04:00:00,-5.9,-12.4,-15.7,45.71,0,0,,0,0,31.2,18.6,290,1017.9,7.2,16,0,
nyc,nyc,"New York, NY, United States",2021-01-29T05:00:00,-6.3,-15.8,-16.8,43.44,0,0,,0,0,62.2,39.8,304,1017.9,80.1,16,0,
nyc,nyc,"New York, NY, United States",2021-01-29T06:00:00,-7.3,-16.3,-18.5,40.5,0,0,,0,0,61.4,32.6,305,1018.5,14.1,16,0,
nyc,nyc,"New York, NY, United States",2021-01-29T07:00:00,-8.4,-17.1,-19.1,41.71,0,0,,0,0,54.2,28.3,308,1019.8,10.5,16,0,
nyc,nyc,"New York, NY, United States",2021-01-29T08:00:00,-8.9,-18,-19.5,42.03,0,0,,0,0,46.9,29.6,300,1020.2,10.5,16,0,
nyc,nyc,"New York, NY, United States",2021-01-29T09:00:00,-8.8,-17.6,-18.8,44.44,0,0,,0,0,51.2,27.6,299,1019.9,27.1,16,1,
nyc,nyc,"New York, NY, United States",2021-01-29T10:00:00,-7.9,-16.5,-18.3,42.97,0,0,,0,0,50.7,28.9,308,1019.2,30.7,16,4,
nyc,nyc,"New York, NY, United States",2021-01-29T11:00:00,-6.7,-16.6,-17.6,41.64,0,0,,0,0,59.7,43.3,302,1018.8,30.7,16,5,
nyc,nyc,"New York, NY, United States",2021-01-29T12:00:00,-6,-14.3,-17.7,39.35,0,0,,0,0,57.7,29.7,308,1018,35.9,16,5,
nyc,nyc,"New York, NY, United States",2021-01-29T13:00:00,-5.1,-13.8,-17.8,36.17,0,0,,0,0,53.9,36.7,308,1017.5,14.1,16,6,
nyc,nyc,"New York, NY, United States",2021-01-29T14:00:00,-3.8,-11,-17.7,33.36,0,0,,0,0,52.7,26.5,312,1017.4,10.5,16,5,
nyc,nyc,"New York, NY, United States",2021-01-29T15:00:00,-3.8,-12.7,-18.1,32.2,0,0,,0,0,61.7,42.8,302,1017.9,10.5,16,4,
nyc,nyc,"New York, NY, United States",2021-01-29T16:00:00,-3.5,-10.9,-17.8,32.16,0,0,,0,0,55.9,28.4,302,1018.9,27.1,16,2,
nyc,nyc,"New York, NY, United States",2021-01-29T17:00:00,-4.1,-10.8,-17.7,33.83,0,0,,0,0,52.2,22.4,307,1020.2,10.5,16,0,
nyc,nyc,"New York, NY, United States",2021-01-29T18:00:00,-5.2,-13.1,-16.9,39.66,0,0,,0,0,51.2,28.6,298,1021.1,10.5,16,0,
nyc,nyc,"New York, NY, United States",2021-01-29T19:00:00,-5.7,-12.9,-16.5,42.53,0,0,,0,0,42.3,22.8,312,1022.1,10.5,16,0,
nyc,nyc,"New York, NY, United States",2021-01-29T20:00:00,-6.4,-13.6,-16.8,43.71,0,0,,0,0,36.7,21.7,308,1022.8,10.5,16,0,
nyc,nyc,"New York, NY, United States",2021-01-29T21:00:00,-6.4,-14.6,-16.5,44.65,0,0,,0,0,36.7,28.1,312,1023.1,10.5,16,0,
nyc,nyc,"New York, NY, United States",2021-01-29T22:00:00,-6.9,-14.4,-16,48.53,0,0,,0,0,35.8,22.5,309,1023.2,0,16,0,
nyc,nyc,"New York, NY, United States",2021-01-29T23:00:00,-6.9,-13.5,-15.9,48.86,0,0,,0,0,46.9,17.5,308,1023.6,0,16,0,
nyc,nyc,"New York, NY, United States",2021-01-30T00:00:00,-7.5,-15.4,-15.9,51.21,0,0,,0,0,35.8,23.9,308,1023.8,0,16,0,
nyc,nyc,"New York, NY, United States",2021-01-30T01:00:00,-7.5,-13.4,-15.8,51.55,0,0,,0,0,36.7,13.8,330,1024,0,16,0,
nyc,nyc,"New York, NY, United States",2021-01-30T02:00:00,-7.6,-12.7,-15.8,51.87,0,0,,0,0,,10.8,322,1024.2,0,16,0,
nyc,nyc,"New York, NY, United States",2021-01-30T03:00:00,-7.6,-12.8,-15.5,53.21,0,0,,0,0,,11.1,318,1024.1,10.5,16,0,
nyc,nyc,"New York, NY, United States",2021-01-30T04:00:00,-7.6,-13.7,-15.3,54.33,0,0,,0,0,31.7,14.7,308,1023.9,10.5,16,0,
nyc,nyc,"New York, NY, United States",2021-01-30T05:00:00,-8,-15.8,-14.9,57.87,0,0,,0,0,35.3,22.6,314,1024.1,10.5,16,0,
nyc,nyc,"New York, NY, United States",2021-01-30T06:00:00,-8,-14.6,-15.3,56.02,0,0,,0,0,31.7,16.3,302,1024.8,74.6,16,0,
nyc,nyc,"New York, NY, United States",2021-01-30T07:00:00,-8,-14.8,-15.4,55.34,0,0,,0,0,30.7,17.2,308,1025.4,79,16,0,
nyc,nyc,"New York, NY, United States",2021-01-30T08:00:00,-7.9,-15,-15.3,55.64,0,0,,0,0,33.6,18.7,309,1026,15.6,16,0,
nyc,nyc,"New York, NY, United States",2021-01-30T09:00:00,-7.4,-15.2,-15.4,52.59,0,0,,0,0,33,24.1,303,1026.7,10.5,16,2,
nyc,nyc,"New York, NY, United States",2021-01-30T10:00:00,-6.6,-13.8,-15.6,48.88,0,0,,0,0,34.1,21.5,305,1026.6,10.5,16,4,
nyc,nyc,"New York, NY, United States",2021-01-30T11:00:00,-5.5,-12.1,-15.6,44.9,0,0,,0,0,29.9,20,308,1026.6,10.5,16,5,
nyc,nyc,"New York, NY, United States",2021-01-30T12:00:00,-3.6,-8.3,-15.7,38.89,0,0,,0,0,,12.5,296,1025.8,4.4,16,6,
nyc,nyc,"New York, NY, United States",2021-01-30T13:00:00,-1.8,-5.7,-15.7,33.68,0,0,,0,0,33.5,10.8,294,1025,0,16,6,
nyc,nyc,"New York, NY, United States",2021-01-30T14:00:00,-1,-6.3,-16.1,30.76,0,0,,0,0,32,18.6,289,1024.2,6.1,16,5,
nyc,nyc,"New York, NY, United States",2021-01-30T15:00:00,-0.1,-5,-15.7,29.84,0,0,,0,0,32.4,17.8,295,1023.8,10.5,16,4,
nyc,nyc,"New York, NY, United States",2021-01-30T16:00:00,0.4,-4.4,-15.9,28.23,0,0,,0,0,,18.2,300,1024,10.5,16,2,
nyc,nyc,"New York, NY, United States",2021-01-30T17:00:00,0.4,-3.9,-15.7,28.74,0,0,,0,0,35.3,14.5,302,1024.1,10.5,16,0,
nyc,nyc,"New York, NY, United States",2021-01-30T18:00:00,-0.4,-4.2,-15.1,31.88,0,0,,0,0,,12,292,1024.6,10.5,16,0,
nyc,nyc,"New York, NY, United States",2021-01-30T19:00:00,-1,-5.4,-14.7,34.38,0,0,,0,0,,14,284,1025.2,10.5,16,0,
nyc,nyc,"New York, NY, United States",2021-01-30T20:00:00,-1.5,-6,-14.2,37.27,0,0,,0,0,,13.7,286,1025.7,10.5,16,0,
nyc,nyc,"New York, NY, United States",2021-01-30T21:00:00,-2,-7.1,-13.7,40.39,0,0,,0,0,,16.3,302,1026,10.5,16,0,
nyc,nyc,"New York, NY, United States",2021-01-30T22:00:00,-2.6,-7.5,-13.6,42.57,0,0,,0,0,,14.4,282,1026.1,10.5,16,0,
nyc,nyc,"New York, NY, United States",2021-01-30T23:00:00,-3.1,-7,-13.2,45.79,0,0,,0,0,,9.8,320,1026.3,14.1,16,0,
nyc,nyc,"New York, NY, United States",2021-01-31T00:00:00,-3.7,-9.4,-13.5,46.46,0,0,,0,0,,17.2,334,1026.1,10.5,16,0,
nyc,nyc,"New York, NY, United States",2021-01-31T01:00:00,-4.6,-8.5,-13.2,51.09,0,0,,0,0,,9.1,339,1026.5,10.5,16,0,
nyc,nyc,"New York, NY, United States",2021-01-31T02:00:00,-5,-8.3,-13,53.37,0,0,,0,0,,7.3,352,1026.8,14.1,16,0,
nyc,nyc,"New York, NY, United States",2021-01-31T03:00:00,-5,-9.6,-12.9,53.75,0,0,,0,0,,11.4,11,1026.5,20.3,16,0,
nyc,nyc,"New York, NY, United States",2021-01-31T04:00:00,-5.6,-10.3,-12.4,58.65,0,0,,0,0,,11,36,1027,24.4,16,0,
nyc,nyc,"New York, NY, United States",2021-01-31T05:00:00,-6.1,-6.1,-12.7,59.7,0,0,,0,0,,4.6,7,1027.2,38.4,16,0,
nyc,nyc,"New York, NY, United States",2021-01-31T06:00:00,-6.2,-11.5,-12.4,61.6,0,0,,0,0,,12.8,34,1026.6,38.4,16,0,
nyc,nyc,"New York, NY, United States",2021-01-31T07:00:00,-6.5,-11.7,-12.8,61.09,0,0,,0,0,,12.1,33,1027.3,35.9,16,0,
nyc,nyc,"New York, NY, United States",2021-01-31T08:00:00,-6.5,-10.6,-13,60.14,0,0,,0,0,,8.4,31,1027.9,35.9,16,0,
nyc,nyc,"New York, NY, United States",2021-01-31T09:00:00,-6.5,-11.2,-13.6,57.47,0,0,,0.66,0.66,,10.2,8,1027.3,37.5,16,1,
nyc,nyc,"New York, NY, United States",2021-01-31T10:00:00,-6.2,-11.8,-13.2,57.72,0,0,,0.66,1.33,,13.8,11,1027,54.2,16,1,
nyc,nyc,"New York, NY, United States",2021-01-31T11:00:00,-5.3,-10.7,-13.1,54.05,0,0,,0.66,1.99,,14.2,45,1026.3,98.3,16,2,
nyc,nyc,"New York, NY, United States",2021-01-31T12:00:00,-4.7,-4.7,-12.8,52.97,0,0,,0.66,2.65,,4.2,7,1026.2,99.2,16,1,
nyc,nyc,"New York, NY, United States",2021-01-31T13:00:00,-4.3,-4.3,-12.4,53.31,0,0,,0.66,3.32,,0.9,0,1026.3,97.3,16,2,
nyc,nyc,"New York, NY, United States",2021-01-31T14:00:00,-3.6,-7.2,-11.7,53.4,0,0,,0.66,3.98,,8.8,42,1025.1,100,16,2,
nyc,nyc,"New York, NY, United States",2021-01-31T15:00:00,-2.6,-6.5,-11.6,49.71,0,0,,0.66,4.65,,10.5,45,1024.8,100,15.6,1,
nyc,nyc,"New York, NY, United States",2021-01-31T16:00:00,-3.9,-8.6,-11.4,55.67,0,0,,0.66,5.31,,12.4,38,1024.3,100,16,1,
nyc,nyc,"New York, NY, United States",2021-01-31T17:00:00,-4.2,-9.4,-10.7,60.55,0,0,,0.66,5.97,,14.3,43,1024.2,100,12,0,
nyc,nyc,"New York, NY, United States",2021-01-31T18:00:00,-4.2,-9.5,-10.8,60.2,0,0,,0.66,6.64,25.9,14.5,57,1023.7,100,7.5,0,
nyc,nyc,"New York, NY, United States",2021-01-31T19:00:00,-4.3,-9.7,-9.6,66.6,0.02,100,snow,0.66,7.3,,14.9,69,1023.8,92.2,7.2,0,
nyc,nyc,"New York, NY, United States",2021-01-31T20:00:00,-5,-11,-8.3,77.41,0.32,100,snow,0.66,7.96,29.5,17,59,1022.9,100,2.2,0,
nyc,nyc,"New York, NY, United States",2021-01-31T21:00:00,-4.9,-11.4,-7.2,83.56,0.32,100,snow,0.66,8.63,33.5,20,57,1021.8,66.8,1.6,0,
nyc,nyc,"New York, NY, United States",2021-01-31T22:00:00,-4.2,-11.7,-6.6,83.78,0.69,100,snow,0.66,9.29,33.5,27.5,54,1020.9,100,1.4,0,
nyc,nyc,"New York, NY, United States",2021-01-31T23:00:00,-5.3,-12.6,-7.4,85.18,0.61,100,snow,0.66,9.96,38.9,24.7,51,1020.1,92.2,1.4,0,
